date,FXUSDCAD
2011-01-04,0.9985
2011-01-05,0.9964
2011-01-06,0.9969
2011-01-07,0.9918
2011-01-10,0.9932
2011-01-11,0.9897
2011-01-12,0.9869
2011-01-13,0.9892
2011-01-14,0.9894
2011-01-17,0.9872
2011-01-18,0.9929
2011-01-19,0.9955
2011-01-20,0.9971
2011-01-21,0.9954
2011-01-24,0.9946
2011-01-25,0.9976
2011-01-26,0.9953
2011-01-27,0.9932
2011-01-28,1.0011
2011-01-31,1.0015
2011-02-01,0.9909
2011-02-02,0.9882
2011-02-03,0.9910
2011-02-04,0.9884
2011-02-07,0.9902
2011-02-08,0.9946
2011-02-09,0.9939
2011-02-10,0.9958
2011-02-11,0.9868
2011-02-14,0.9885
2011-02-15,0.9897
2011-02-16,0.9849
2011-02-17,0.9849
2011-02-18,0.9860
2011-02-21,0.9838
2011-02-22,0.9909
2011-02-23,0.9886
2011-02-24,0.9832
2011-02-25,0.9787
2011-02-28,0.9714
2011-03-01,0.9749
2011-03-02,0.9724
2011-03-03,0.9722
2011-03-04,0.9717
2011-03-07,0.9729
2011-03-08,0.9714
2011-03-09,0.9687
2011-03-10,0.9756
2011-03-11,0.9711
2011-03-14,0.9726
2011-03-15,0.9840
2011-03-16,0.9918
2011-03-17,0.9863
2011-03-18,0.9861
2011-03-21,0.9797
2011-03-22,0.9799
2011-03-23,0.9807
2011-03-24,0.9762
2011-03-25,0.9817
2011-03-28,0.9766
2011-03-29,0.9747
2011-03-30,0.9713
2011-03-31,0.9696
2011-04-01,0.9644
2011-04-04,0.9675
2011-04-05,0.9639
2011-04-06,0.9604
2011-04-07,0.9585
2011-04-08,0.9574
2011-04-11,0.9565
2011-04-12,0.9631
2011-04-13,0.9624
2011-04-14,0.9598
2011-04-15,0.9601
2011-04-18,0.9642
2011-04-19,0.9565
2011-04-20,0.9533
2011-04-21,0.9537
2011-04-25,0.9546
2011-04-26,0.9518
2011-04-27,0.9504
2011-04-28,0.9510
2011-04-29,0.9464
2011-05-02,0.9508
2011-05-03,0.9526
2011-05-04,0.9585
2011-05-05,0.9682
2011-05-06,0.9670
2011-05-09,0.9636
2011-05-10,0.9577
2011-05-11,0.9611
2011-05-12,0.9623
2011-05-13,0.9687
2011-05-16,0.9742
2011-05-17,0.9726
2011-05-18,0.9706
2011-05-19,0.9682
2011-05-20,0.9730
2011-05-24,0.9761
2011-05-25,0.9779
2011-05-26,0.9787
2011-05-27,0.9773
2011-05-30,0.9771
2011-05-31,0.9686
2011-06-01,0.9757
2011-06-02,0.9756
2011-06-03,0.9783
2011-06-06,0.9808
2011-06-07,0.9755
2011-06-08,0.9797
2011-06-09,0.9731
2011-06-10,0.9783
2011-06-13,0.9768
2011-06-14,0.9689
2011-06-15,0.9790
2011-06-16,0.9832
2011-06-17,0.9802
2011-06-20,0.9802
2011-06-21,0.9724
2011-06-22,0.9731
2011-06-23,0.9780
2011-06-24,0.9870
2011-06-27,0.9867
2011-06-28,0.9827
2011-06-29,0.9706
2011-06-30,0.9645
2011-07-04,0.9608
2011-07-05,0.9632
2011-07-06,0.9656
2011-07-07,0.9587
2011-07-08,0.9607
2011-07-11,0.9690
2011-07-12,0.9662
2011-07-13,0.9597
2011-07-14,0.9610
2011-07-15,0.9543
2011-07-18,0.9589
2011-07-19,0.9508
2011-07-20,0.9474
2011-07-21,0.9454
2011-07-22,0.9491
2011-07-25,0.9458
2011-07-26,0.9428
2011-07-27,0.9489
2011-07-28,0.9516
2011-07-29,0.9555
2011-08-02,0.9602
2011-08-03,0.9626
2011-08-04,0.9795
2011-08-05,0.9781
2011-08-08,0.9909
2011-08-09,0.9789
2011-08-10,0.9948
2011-08-11,0.9883
2011-08-12,0.9907
2011-08-15,0.9799
2011-08-16,0.9821
2011-08-17,0.9797
2011-08-18,0.9884
2011-08-19,0.9886
2011-08-22,0.9901
2011-08-23,0.9880
2011-08-24,0.9866
2011-08-25,0.9868
2011-08-26,0.9830
2011-08-29,0.9771
2011-08-30,0.9782
2011-08-31,0.9794
2011-09-01,0.9755
2011-09-02,0.9842
2011-09-06,0.9898
2011-09-07,0.9855
2011-09-08,0.9880
2011-09-09,0.9960
2011-09-12,0.9921
2011-09-13,0.9854
2011-09-14,0.9908
2011-09-15,0.9840
2011-09-16,0.9790
2011-09-19,0.9897
2011-09-20,0.9936
2011-09-21,1.0059
2011-09-22,1.0274
2011-09-23,1.0294
2011-09-26,1.0283
2011-09-27,1.0204
2011-09-28,1.0326
2011-09-29,1.0366
2011-09-30,1.0482
2011-10-03,1.0511
2011-10-04,1.0549
2011-10-05,1.0402
2011-10-06,1.0378
2011-10-07,1.0383
2011-10-11,1.0279
2011-10-12,1.0173
2011-10-13,1.0197
2011-10-14,1.0105
2011-10-17,1.0221
2011-10-18,1.0144
2011-10-19,1.0202
2011-10-20,1.0150
2011-10-21,1.0087
2011-10-24,1.0031
2011-10-25,1.0163
2011-10-26,1.0048
2011-10-27,0.9913
2011-10-28,0.9919
2011-10-31,0.9967
2011-11-01,1.0188
2011-11-02,1.0136
2011-11-03,1.0081
2011-11-04,1.0167
2011-11-07,1.0127
2011-11-08,1.0082
2011-11-09,1.0217
2011-11-10,1.0177
2011-11-14,1.0169
2011-11-15,1.0208
2011-11-16,1.0229
2011-11-17,1.0283
2011-11-18,1.0272
2011-11-21,1.0378
2011-11-22,1.0378
2011-11-23,1.0485
2011-11-24,1.0469
2011-11-25,1.0494
2011-11-28,1.0354
2011-11-29,1.0303
2011-11-30,1.0203
2011-12-01,1.0143
2011-12-02,1.0183
2011-12-05,1.0168
2011-12-06,1.0096
2011-12-07,1.0103
2011-12-08,1.0226
2011-12-09,1.0184
2011-12-12,1.0258
2011-12-13,1.0342
2011-12-14,1.0396
2011-12-15,1.0357
2011-12-16,1.0370
2011-12-19,1.0387
2011-12-20,1.0303
2011-12-21,1.0259
2011-12-22,1.0211
2011-12-23,1.0208
2011-12-28,1.0242
2011-12-29,1.0208
2011-12-30,1.0170
2012-01-03,1.0110
2012-01-04,1.0123
2012-01-05,1.0191
2012-01-06,1.0270
2012-01-09,1.0229
2012-01-10,1.0170
2012-01-11,1.0193
2012-01-12,1.0183
2012-01-13,1.0227
2012-01-16,1.0180
2012-01-17,1.0152
2012-01-18,1.0112
2012-01-19,1.0114
2012-01-20,1.0132
2012-01-23,1.0074
2012-01-24,1.0099
2012-01-25,1.0035
2012-01-26,1.0017
2012-01-27,1.0007
2012-01-30,1.0028
2012-01-31,1.0028
2012-02-01,0.9991
2012-02-02,0.9996
2012-02-03,0.9936
2012-02-06,0.9955
2012-02-07,0.9948
2012-02-08,0.9961
2012-02-09,0.9956
2012-02-10,1.0028
2012-02-13,0.9993
2012-02-14,0.9995
2012-02-15,0.9991
2012-02-16,0.9965
2012-02-17,0.9957
2012-02-20,0.9924
2012-02-21,0.9966
2012-02-22,1.0004
2012-02-23,0.9976
2012-02-24,0.9997
2012-02-27,0.9992
2012-02-28,0.9954
2012-02-29,0.9895
2012-03-01,0.9859
2012-03-02,0.9886
2012-03-05,0.9942
2012-03-06,1.0006
2012-03-07,0.9982
2012-03-08,0.9911
2012-03-09,0.9909
2012-03-12,0.9927
2012-03-13,0.9892
2012-03-14,0.9930
2012-03-15,0.9922
2012-03-16,0.9919
2012-03-19,0.9875
2012-03-20,0.9918
2012-03-21,0.9923
2012-03-22,0.9997
2012-03-23,0.9987
2012-03-26,0.9912
2012-03-27,0.9949
2012-03-28,0.9979
2012-03-29,0.9967
2012-03-30,0.9975
2012-04-02,0.9903
2012-04-03,0.9904
2012-04-04,0.9964
2012-04-05,0.9938
2012-04-09,0.9965
2012-04-10,1.0041
2012-04-11,1.0042
2012-04-12,0.9945
2012-04-13,0.9984
2012-04-16,0.9997
2012-04-17,0.9902
2012-04-18,0.9913
2012-04-19,0.9952
2012-04-20,0.9926
2012-04-23,0.9910
2012-04-24,0.9880
2012-04-25,0.9835
2012-04-26,0.9840
2012-04-27,0.9810
2012-04-30,0.9879
2012-05-01,0.9858
2012-05-02,0.9865
2012-05-03,0.9889
2012-05-04,0.9955
2012-05-07,0.9930
2012-05-08,0.9983
2012-05-09,1.0009
2012-05-10,1.0017
2012-05-11,1.0009
2012-05-14,1.0029
2012-05-15,1.0068
2012-05-16,1.0127
2012-05-17,1.0191
2012-05-18,1.0208
2012-05-22,1.0218
2012-05-23,1.0242
2012-05-24,1.0271
2012-05-25,1.0295
2012-05-28,1.0238
2012-05-29,1.0229
2012-05-30,1.0292
2012-05-31,1.0329
2012-06-01,1.0394
2012-06-04,1.0397
2012-06-05,1.0380
2012-06-06,1.0279
2012-06-07,1.0279
2012-06-08,1.0270
2012-06-11,1.0312
2012-06-12,1.0267
2012-06-13,1.0292
2012-06-14,1.0238
2012-06-15,1.0222
2012-06-18,1.0241
2012-06-19,1.0182
2012-06-20,1.0192
2012-06-21,1.0293
2012-06-22,1.0246
2012-06-25,1.0292
2012-06-26,1.0240
2012-06-27,1.0255
2012-06-28,1.0328
2012-06-29,1.0181
2012-07-03,1.0125
2012-07-04,1.0132
2012-07-05,1.0144
2012-07-06,1.0186
2012-07-09,1.0193
2012-07-10,1.0226
2012-07-11,1.0199
2012-07-12,1.0186
2012-07-13,1.0146
2012-07-16,1.0147
2012-07-17,1.0126
2012-07-18,1.0107
2012-07-19,1.0078
2012-07-20,1.0127
2012-07-23,1.0168
2012-07-24,1.0204
2012-07-25,1.0152
2012-07-26,1.0096
2012-07-27,1.0044
2012-07-30,1.0018
2012-07-31,1.0029
2012-08-01,1.0052
2012-08-02,1.0072
2012-08-03,1.0019
2012-08-07,0.9975
2012-08-08,0.9946
2012-08-09,0.9920
2012-08-10,0.9910
2012-08-13,0.9925
2012-08-14,0.9919
2012-08-15,0.9890
2012-08-16,0.9867
2012-08-17,0.9891
2012-08-20,0.9884
2012-08-21,0.9897
2012-08-22,0.9914
2012-08-23,0.9936
2012-08-24,0.9916
2012-08-27,0.9908
2012-08-28,0.9878
2012-08-29,0.9895
2012-08-30,0.9923
2012-08-31,0.9857
2012-09-04,0.9858
2012-09-05,0.9909
2012-09-06,0.9828
2012-09-07,0.9782
2012-09-10,0.9775
2012-09-11,0.9732
2012-09-12,0.9766
2012-09-13,0.9683
2012-09-14,0.9712
2012-09-17,0.9753
2012-09-18,0.9746
2012-09-19,0.9745
2012-09-20,0.9765
2012-09-21,0.9764
2012-09-24,0.9788
2012-09-25,0.9806
2012-09-26,0.9852
2012-09-27,0.9809
2012-09-28,0.9832
2012-10-01,0.9827
2012-10-02,0.9843
2012-10-03,0.9881
2012-10-04,0.9805
2012-10-05,0.9789
2012-10-09,0.9786
2012-10-10,0.9807
2012-10-11,0.9787
2012-10-12,0.9793
2012-10-15,0.9800
2012-10-16,0.9868
2012-10-17,0.9780
2012-10-18,0.9849
2012-10-19,0.9932
2012-10-22,0.9926
2012-10-23,0.9927
2012-10-24,0.9949
2012-10-25,0.9939
2012-10-26,0.9980
2012-10-29,1.0008
2012-10-30,0.9993
2012-10-31,0.9990
2012-11-01,0.9968
2012-11-02,0.9956
2012-11-05,0.9967
2012-11-06,0.9918
2012-11-07,0.9961
2012-11-08,1.0004
2012-11-09,1.0013
2012-11-13,1.0019
2012-11-14,1.0038
2012-11-15,1.0013
2012-11-16,1.0010
2012-11-19,0.9966
2012-11-20,0.9973
2012-11-21,0.9965
2012-11-22,0.9972
2012-11-23,0.9920
2012-11-26,0.9938
2012-11-27,0.9947
2012-11-28,0.9919
2012-11-29,0.9928
2012-11-30,0.9936
2012-12-03,0.9949
2012-12-04,0.9932
2012-12-05,0.9917
2012-12-06,0.9911
2012-12-07,0.9910
2012-12-10,0.9870
2012-12-11,0.9862
2012-12-12,0.9847
2012-12-13,0.9848
2012-12-14,0.9865
2012-12-17,0.9837
2012-12-18,0.9857
2012-12-19,0.9881
2012-12-20,0.9873
2012-12-21,0.9934
2012-12-24,0.9913
2012-12-27,0.9949
2012-12-28,0.9965
2012-12-31,0.9949
2013-01-02,0.9852
2013-01-03,0.9880
2013-01-04,0.9871
2013-01-07,0.9857
2013-01-08,0.9867
2013-01-09,0.9877
2013-01-10,0.9845
2013-01-11,0.9844
2013-01-14,0.9838
2013-01-15,0.9841
2013-01-16,0.9861
2013-01-17,0.9857
2013-01-18,0.9918
2013-01-21,0.9932
2013-01-22,0.9927
2013-01-23,0.9990
2013-01-24,1.0029
2013-01-25,1.0065
2013-01-28,1.0065
2013-01-29,1.0024
2013-01-30,1.0015
2013-01-31,0.9973
2013-02-01,0.9973
2013-02-04,0.9986
2013-02-05,0.9962
2013-02-06,0.9955
2013-02-07,0.9980
2013-02-08,1.0027
2013-02-11,1.0043
2013-02-12,1.0027
2013-02-13,1.0018
2013-02-14,1.0012
2013-02-15,1.0061
2013-02-19,1.0118
2013-02-20,1.0173
2013-02-21,1.0187
2013-02-22,1.0208
2013-02-25,1.0276
2013-02-26,1.0264
2013-02-27,1.0230
2013-02-28,1.0314
2013-03-01,1.0271
2013-03-04,1.0277
2013-03-05,1.0280
2013-03-06,1.0315
2013-03-07,1.0294
2013-03-08,1.0291
2013-03-11,1.0264
2013-03-12,1.0261
2013-03-13,1.0273
2013-03-14,1.0223
2013-03-15,1.0193
2013-03-18,1.0223
2013-03-19,1.0270
2013-03-20,1.0254
2013-03-21,1.0243
2013-03-22,1.0233
2013-03-25,1.0212
2013-03-26,1.0164
2013-03-27,1.0165
2013-03-28,1.0160
2013-04-01,1.0167
2013-04-02,1.0149
2013-04-03,1.0145
2013-04-04,1.0123
2013-04-05,1.0164
2013-04-08,1.0173
2013-04-09,1.0163
2013-04-10,1.0144
2013-04-11,1.0107
2013-04-12,1.0138
2013-04-15,1.0254
2013-04-16,1.0205
2013-04-17,1.0266
2013-04-18,1.0260
2013-04-19,1.0263
2013-04-22,1.0261
2013-04-23,1.0262
2013-04-24,1.0256
2013-04-25,1.0208
2013-04-26,1.0169
2013-04-29,1.0116
2013-04-30,1.0075
2013-05-01,1.0081
2013-05-02,1.0083
2013-05-03,1.0078
2013-05-06,1.0068
2013-05-07,1.0044
2013-05-08,1.0033
2013-05-09,1.0075
2013-05-10,1.0112
2013-05-13,1.0110
2013-05-14,1.0170
2013-05-15,1.0172
2013-05-16,1.0192
2013-05-17,1.0291
2013-05-21,1.0268
2013-05-22,1.0372
2013-05-23,1.0294
2013-05-24,1.0321
2013-05-27,1.0337
2013-05-28,1.0395
2013-05-29,1.0352
2013-05-30,1.0300
2013-05-31,1.0368
2013-06-03,1.0278
2013-06-04,1.0344
2013-06-05,1.0346
2013-06-06,1.0260
2013-06-07,1.0198
2013-06-10,1.0190
2013-06-11,1.0189
2013-06-12,1.0212
2013-06-13,1.0166
2013-06-14,1.0169
2013-06-17,1.0177
2013-06-18,1.0210
2013-06-19,1.0273
2013-06-20,1.0373
2013-06-21,1.0456
2013-06-24,1.0486
2013-06-25,1.0509
2013-06-26,1.0479
2013-06-27,1.0475
2013-06-28,1.0518
2013-07-02,1.0549
2013-07-03,1.0510
2013-07-04,1.0521
2013-07-05,1.0567
2013-07-08,1.0560
2013-07-09,1.0526
2013-07-10,1.0518
2013-07-11,1.0385
2013-07-12,1.0396
2013-07-15,1.0415
2013-07-16,1.0366
2013-07-17,1.0414
2013-07-18,1.0376
2013-07-19,1.0367
2013-07-22,1.0344
2013-07-23,1.0285
2013-07-24,1.0316
2013-07-25,1.0264
2013-07-26,1.0273
2013-07-29,1.0260
2013-07-30,1.0302
2013-07-31,1.0272
2013-08-01,1.0348
2013-08-02,1.0390
2013-08-06,1.0376
2013-08-07,1.0423
2013-08-08,1.0324
2013-08-09,1.0294
2013-08-12,1.0303
2013-08-13,1.0343
2013-08-14,1.0328
2013-08-15,1.0304
2013-08-16,1.0339
2013-08-19,1.0342
2013-08-20,1.0389
2013-08-21,1.0473
2013-08-22,1.0516
2013-08-23,1.0501
2013-08-26,1.0503
2013-08-27,1.0474
2013-08-28,1.0485
2013-08-29,1.0530
2013-08-30,1.0530
2013-09-03,1.0530
2013-09-04,1.0492
2013-09-05,1.0506
2013-09-06,1.0409
2013-09-09,1.0373
2013-09-10,1.0348
2013-09-11,1.0315
2013-09-12,1.0325
2013-09-13,1.0347
2013-09-16,1.0325
2013-09-17,1.0295
2013-09-18,1.0222
2013-09-19,1.0262
2013-09-20,1.0299
2013-09-23,1.0285
2013-09-24,1.0302
2013-09-25,1.0313
2013-09-26,1.0313
2013-09-27,1.0303
2013-09-30,1.0303
2013-10-01,1.0325
2013-10-02,1.0332
2013-10-03,1.0326
2013-10-04,1.0292
2013-10-07,1.0313
2013-10-08,1.0368
2013-10-09,1.0394
2013-10-10,1.0396
2013-10-11,1.0354
2013-10-15,1.0380
2013-10-16,1.0334
2013-10-17,1.0293
2013-10-18,1.0294
2013-10-21,1.0301
2013-10-22,1.0289
2013-10-23,1.0384
2013-10-24,1.0425
2013-10-25,1.0455
2013-10-28,1.0445
2013-10-29,1.0470
2013-10-30,1.0484
2013-10-31,1.0427
2013-11-01,1.0427
2013-11-04,1.0418
2013-11-05,1.0458
2013-11-06,1.0418
2013-11-07,1.0461
2013-11-08,1.0478
2013-11-12,1.0493
2013-11-13,1.0462
2013-11-14,1.0468
2013-11-15,1.0447
2013-11-18,1.0432
2013-11-19,1.0471
2013-11-20,1.0447
2013-11-21,1.0521
2013-11-22,1.0524
2013-11-25,1.0548
2013-11-26,1.0530
2013-11-27,1.0595
2013-11-28,1.0587
2013-11-29,1.0620
2013-12-02,1.0641
2013-12-03,1.0649
2013-12-04,1.0678
2013-12-05,1.0641
2013-12-06,1.0656
2013-12-09,1.0635
2013-12-10,1.0603
2013-12-11,1.0593
2013-12-12,1.0640
2013-12-13,1.0595
2013-12-16,1.0587
2013-12-17,1.0610
2013-12-18,1.0689
2013-12-19,1.0666
2013-12-20,1.0648
2013-12-23,1.0611
2013-12-24,1.0619
2013-12-27,1.0704
2013-12-30,1.0640
2013-12-31,1.0636
2014-01-02,1.0673
2014-01-03,1.0639
2014-01-06,1.0652
2014-01-07,1.0772
2014-01-08,1.0804
2014-01-09,1.0852
2014-01-10,1.0901
2014-01-13,1.0846
2014-01-14,1.0948
2014-01-15,1.0945
2014-01-16,1.0925
2014-01-17,1.0976
2014-01-20,1.0951
2014-01-21,1.0972
2014-01-22,1.1088
2014-01-23,1.1099
2014-01-24,1.1073
2014-01-27,1.1112
2014-01-28,1.1156
2014-01-29,1.1178
2014-01-30,1.1166
2014-01-31,1.1138
2014-02-03,1.1097
2014-02-04,1.1081
2014-02-05,1.1080
2014-02-06,1.1070
2014-02-07,1.1039
2014-02-10,1.1055
2014-02-11,1.1017
2014-02-12,1.0997
2014-02-13,1.0977
2014-02-14,1.0983
2014-02-18,1.0951
2014-02-19,1.1082
2014-02-20,1.1099
2014-02-21,1.1133
2014-02-24,1.1067
2014-02-25,1.1086
2014-02-26,1.1128
2014-02-27,1.1136
2014-02-28,1.1074
2014-03-03,1.1084
2014-03-04,1.1100
2014-03-05,1.1038
2014-03-06,1.0992
2014-03-07,1.1090
2014-03-10,1.1101
2014-03-11,1.1103
2014-03-12,1.1116
2014-03-13,1.1053
2014-03-14,1.1095
2014-03-17,1.1053
2014-03-18,1.1137
2014-03-19,1.1245
2014-03-20,1.1242
2014-03-21,1.1210
2014-03-24,1.1195
2014-03-25,1.1159
2014-03-26,1.1084
2014-03-27,1.1032
2014-03-28,1.1060
2014-03-31,1.1055
2014-04-01,1.1032
2014-04-02,1.1035
2014-04-03,1.1039
2014-04-04,1.0981
2014-04-07,1.0969
2014-04-08,1.0922
2014-04-09,1.0872
2014-04-10,1.0929
2014-04-11,1.0979
2014-04-14,1.0953
2014-04-15,1.0977
2014-04-16,1.1018
2014-04-17,1.1013
2014-04-21,1.1015
2014-04-22,1.1028
2014-04-23,1.1032
2014-04-24,1.1028
2014-04-25,1.1036
2014-04-28,1.1025
2014-04-29,1.0951
2014-04-30,1.0960
2014-05-01,1.0961
2014-05-02,1.0980
2014-05-05,1.0952
2014-05-06,1.0879
2014-05-07,1.0894
2014-05-08,1.0823
2014-05-09,1.0896
2014-05-12,1.0897
2014-05-13,1.0910
2014-05-14,1.0882
2014-05-15,1.0877
2014-05-16,1.0857
2014-05-20,1.0899
2014-05-21,1.0915
2014-05-22,1.0893
2014-05-23,1.0870
2014-05-26,1.0860
2014-05-27,1.0861
2014-05-28,1.0875
2014-05-29,1.0836
2014-05-30,1.0842
2014-06-02,1.0898
2014-06-03,1.0910
2014-06-04,1.0939
2014-06-05,1.0929
2014-06-06,1.0930
2014-06-09,1.0908
2014-06-10,1.0904
2014-06-11,1.0867
2014-06-12,1.0855
2014-06-13,1.0856
2014-06-16,1.0841
2014-06-17,1.0864
2014-06-18,1.0850
2014-06-19,1.0823
2014-06-20,1.0752
2014-06-23,1.0726
2014-06-24,1.0744
2014-06-25,1.0722
2014-06-26,1.0693
2014-06-27,1.0661
2014-06-30,1.0670
2014-07-02,1.0667
2014-07-03,1.0639
2014-07-04,1.0657
2014-07-07,1.0677
2014-07-08,1.0677
2014-07-09,1.0660
2014-07-10,1.0647
2014-07-11,1.0734
2014-07-14,1.0715
2014-07-15,1.0758
2014-07-16,1.0746
2014-07-17,1.0758
2014-07-18,1.0736
2014-07-21,1.0730
2014-07-22,1.0736
2014-07-23,1.0729
2014-07-24,1.0745
2014-07-25,1.0814
2014-07-28,1.0800
2014-07-29,1.0859
2014-07-30,1.0901
2014-07-31,1.0904
2014-08-01,1.0926
2014-08-05,1.0960
2014-08-06,1.0913
2014-08-07,1.0921
2014-08-08,1.0971
2014-08-11,1.0919
2014-08-12,1.0922
2014-08-13,1.0917
2014-08-14,1.0903
2014-08-15,1.0889
2014-08-18,1.0886
2014-08-19,1.0943
2014-08-20,1.0971
2014-08-21,1.0945
2014-08-22,1.0945
2014-08-25,1.0981
2014-08-26,1.0952
2014-08-27,1.0855
2014-08-28,1.0847
2014-08-29,1.0873
2014-09-02,1.0930
2014-09-03,1.0888
2014-09-04,1.0874
2014-09-05,1.0881
2014-09-08,1.0973
2014-09-09,1.0971
2014-09-10,1.0935
2014-09-11,1.1047
2014-09-12,1.1094
2014-09-15,1.1050
2014-09-16,1.0970
2014-09-17,1.1004
2014-09-18,1.0947
2014-09-19,1.0947
2014-09-22,1.1031
2014-09-23,1.1069
2014-09-24,1.1057
2014-09-25,1.1108
2014-09-26,1.1155
2014-09-29,1.1153
2014-09-30,1.1200
2014-10-01,1.1172
2014-10-02,1.1163
2014-10-03,1.1259
2014-10-06,1.1131
2014-10-07,1.1171
2014-10-08,1.1104
2014-10-09,1.1173
2014-10-10,1.1217
2014-10-14,1.1306
2014-10-15,1.1258
2014-10-16,1.1248
2014-10-17,1.1277
2014-10-20,1.1284
2014-10-21,1.1228
2014-10-22,1.1243
2014-10-23,1.1233
2014-10-24,1.1233
2014-10-27,1.1238
2014-10-28,1.1171
2014-10-29,1.1191
2014-10-30,1.1196
2014-10-31,1.1271
2014-11-03,1.1357
2014-11-04,1.1410
2014-11-05,1.1389
2014-11-06,1.1426
2014-11-07,1.1333
2014-11-10,1.1374
2014-11-12,1.1316
2014-11-13,1.1376
2014-11-14,1.1277
2014-11-17,1.1296
2014-11-18,1.1299
2014-11-19,1.1351
2014-11-20,1.1306
2014-11-21,1.1239
2014-11-24,1.1289
2014-11-25,1.1253
2014-11-26,1.1236
2014-11-27,1.1332
2014-11-28,1.1440
2014-12-01,1.1328
2014-12-02,1.1394
2014-12-03,1.1366
2014-12-04,1.1375
2014-12-05,1.1432
2014-12-08,1.1482
2014-12-09,1.1440
2014-12-10,1.1480
2014-12-11,1.1527
2014-12-12,1.1572
2014-12-15,1.1656
2014-12-16,1.1636
2014-12-17,1.1639
2014-12-18,1.1597
2014-12-19,1.1608
2014-12-22,1.1637
2014-12-23,1.1630
2014-12-24,1.1623
2014-12-29,1.1629
2014-12-30,1.1607
2014-12-31,1.1601
2015-01-02,1.1762
2015-01-05,1.1749
2015-01-06,1.1828
2015-01-07,1.1820
2015-01-08,1.1836
2015-01-09,1.1866
2015-01-12,1.1967
2015-01-13,1.1954
2015-01-14,1.1945
2015-01-15,1.1964
2015-01-16,1.1968
2015-01-19,1.1947
2015-01-20,1.2107
2015-01-21,1.2335
2015-01-22,1.2404
2015-01-23,1.2424
2015-01-26,1.2464
2015-01-27,1.2404
2015-01-28,1.2520
2015-01-29,1.2611
2015-01-30,1.2711
2015-02-02,1.2577
2015-02-03,1.2396
2015-02-04,1.2565
2015-02-05,1.2424
2015-02-06,1.2524
2015-02-09,1.2465
2015-02-10,1.2574
2015-02-11,1.2641
2015-02-12,1.2490
2015-02-13,1.2461
2015-02-17,1.2374
2015-02-18,1.2418
2015-02-19,1.2498
2015-02-20,1.2546
2015-02-23,1.2576
2015-02-24,1.2496
2015-02-25,1.2423
2015-02-26,1.2527
2015-02-27,1.2503
2015-03-02,1.2535
2015-03-03,1.2490
2015-03-04,1.2416
2015-03-05,1.2506
2015-03-06,1.2610
2015-03-09,1.2596
2015-03-10,1.2680
2015-03-11,1.2761
2015-03-12,1.2703
2015-03-13,1.2790
2015-03-16,1.2780
2015-03-17,1.2776
2015-03-18,1.2570
2015-03-19,1.2726
2015-03-20,1.2579
2015-03-23,1.2499
2015-03-24,1.2501
2015-03-25,1.2517
2015-03-26,1.2471
2015-03-27,1.2600
2015-03-30,1.2693
2015-03-31,1.2666
2015-04-01,1.2626
2015-04-02,1.2564
2015-04-06,1.2478
2015-04-07,1.2504
2015-04-08,1.2538
2015-04-09,1.2592
2015-04-10,1.2580
2015-04-13,1.2592
2015-04-14,1.2490
2015-04-15,1.2300
2015-04-16,1.2181
2015-04-17,1.2228
2015-04-20,1.2230
2015-04-21,1.2281
2015-04-22,1.2228
2015-04-23,1.2146
2015-04-24,1.2170
2015-04-27,1.2101
2015-04-28,1.2030
2015-04-29,1.2023
2015-04-30,1.2064
2015-05-01,1.2157
2015-05-04,1.2092
2015-05-05,1.2072
2015-05-06,1.2040
2015-05-07,1.2120
2015-05-08,1.2090
2015-05-11,1.2110
2015-05-12,1.2018
2015-05-13,1.1967
2015-05-14,1.1999
2015-05-15,1.2022
2015-05-19,1.2232
2015-05-20,1.2196
2015-05-21,1.2208
2015-05-22,1.2301
2015-05-25,1.2313
2015-05-26,1.2427
2015-05-27,1.2459
2015-05-28,1.2435
2015-05-29,1.2437
2015-06-01,1.2535
2015-06-02,1.2408
2015-06-03,1.2453
2015-06-04,1.2504
2015-06-05,1.2439
2015-06-08,1.2398
2015-06-09,1.2346
2015-06-10,1.2262
2015-06-11,1.2275
2015-06-12,1.2311
2015-06-15,1.2317
2015-06-16,1.2312
2015-06-17,1.2236
2015-06-18,1.2227
2015-06-19,1.2266
2015-06-22,1.2326
2015-06-23,1.2333
2015-06-24,1.2400
2015-06-25,1.2323
2015-06-26,1.2315
2015-06-29,1.2392
2015-06-30,1.2490
2015-07-02,1.2545
2015-07-03,1.2560
2015-07-06,1.2652
2015-07-07,1.2712
2015-07-08,1.2740
2015-07-09,1.2707
2015-07-10,1.2679
2015-07-13,1.2740
2015-07-14,1.2740
2015-07-15,1.2920
2015-07-16,1.2970
2015-07-17,1.2987
2015-07-20,1.2997
2015-07-21,1.2948
2015-07-22,1.3037
2015-07-23,1.3039
2015-07-24,1.3035
2015-07-27,1.3045
2015-07-28,1.2927
2015-07-29,1.2944
2015-07-30,1.3010
2015-07-31,1.3080
2015-08-04,1.3180
2015-08-05,1.3188
2015-08-06,1.3108
2015-08-07,1.3133
2015-08-10,1.3001
2015-08-11,1.3104
2015-08-12,1.2973
2015-08-13,1.3064
2015-08-14,1.3092
2015-08-17,1.3085
2015-08-18,1.3056
2015-08-19,1.3110
2015-08-20,1.3081
2015-08-21,1.3169
2015-08-24,1.3262
2015-08-25,1.3346
2015-08-26,1.3322
2015-08-27,1.3218
2015-08-28,1.3215
2015-08-31,1.3157
2015-09-01,1.3222
2015-09-02,1.3271
2015-09-03,1.3194
2015-09-04,1.3265
2015-09-08,1.3205
2015-09-09,1.3250
2015-09-10,1.3228
2015-09-11,1.3254
2015-09-14,1.3257
2015-09-15,1.3247
2015-09-16,1.3171
2015-09-17,1.3174
2015-09-18,1.3217
2015-09-21,1.3245
2015-09-22,1.3258
2015-09-23,1.3347
2015-09-24,1.3318
2015-09-25,1.3316
2015-09-28,1.3394
2015-09-29,1.3418
2015-09-30,1.3345
2015-10-01,1.3255
2015-10-02,1.3164
2015-10-05,1.3087
2015-10-06,1.3027
2015-10-07,1.3065
2015-10-08,1.3017
2015-10-09,1.2937
2015-10-13,1.3019
2015-10-14,1.2922
2015-10-15,1.2847
2015-10-16,1.2911
2015-10-19,1.3019
2015-10-20,1.2982
2015-10-21,1.3137
2015-10-22,1.3107
2015-10-23,1.3175
2015-10-26,1.3163
2015-10-27,1.3266
2015-10-28,1.3192
2015-10-29,1.3167
2015-10-30,1.3075
2015-11-02,1.3099
2015-11-03,1.3052
2015-11-04,1.3157
2015-11-05,1.3168
2015-11-06,1.3296
2015-11-09,1.3275
2015-11-10,1.3265
2015-11-12,1.3282
2015-11-13,1.3318
2015-11-16,1.3325
2015-11-17,1.3308
2015-11-18,1.3318
2015-11-19,1.3297
2015-11-20,1.3345
2015-11-23,1.3373
2015-11-24,1.3309
2015-11-25,1.3296
2015-11-26,1.3294
2015-11-27,1.3372
2015-11-30,1.3353
2015-12-01,1.3364
2015-12-02,1.3349
2015-12-03,1.3338
2015-12-04,1.3377
2015-12-07,1.3513
2015-12-08,1.3587
2015-12-09,1.3564
2015-12-10,1.3632
2015-12-11,1.3742
2015-12-14,1.3738
2015-12-15,1.3738
2015-12-16,1.3785
2015-12-17,1.3950
2015-12-18,1.3945
2015-12-21,1.3965
2015-12-22,1.3937
2015-12-23,1.3857
2015-12-24,1.3845
2015-12-29,1.3823
2015-12-30,1.3885
2015-12-31,1.3840
2016-01-04,1.3941
2016-01-05,1.3989
2016-01-06,1.4080
2016-01-07,1.4097
2016-01-08,1.4149
2016-01-11,1.4223
2016-01-12,1.4257
2016-01-13,1.4345
2016-01-14,1.4362
2016-01-15,1.4530
2016-01-18,1.4557
2016-01-19,1.4559
2016-01-20,1.4490
2016-01-21,1.4279
2016-01-22,1.4150
2016-01-25,1.4270
2016-01-26,1.4075
2016-01-27,1.4103
2016-01-28,1.4048
2016-01-29,1.4006
2016-02-01,1.3930
2016-02-02,1.4027
2016-02-03,1.3773
2016-02-04,1.3745
2016-02-05,1.3908
2016-02-08,1.3934
2016-02-09,1.3879
2016-02-10,1.3933
2016-02-11,1.3921
2016-02-12,1.3861
2016-02-16,1.3881
2016-02-17,1.3705
2016-02-18,1.3749
2016-02-19,1.3769
2016-02-22,1.3712
2016-02-23,1.3768
2016-02-24,1.3687
2016-02-25,1.3541
2016-02-26,1.3514
2016-02-29,1.3531
2016-03-01,1.3414
2016-03-02,1.3427
2016-03-03,1.3396
2016-03-04,1.3324
2016-03-07,1.3276
2016-03-08,1.3416
2016-03-09,1.3250
2016-03-10,1.3346
2016-03-11,1.3231
2016-03-14,1.3267
2016-03-15,1.3362
2016-03-16,1.3122
2016-03-17,1.2989
2016-03-18,1.3037
2016-03-21,1.3085
2016-03-22,1.3035
2016-03-23,1.3214
2016-03-24,1.3240
2016-03-28,1.3181
2016-03-29,1.3065
2016-03-30,1.2965
2016-03-31,1.2987
2016-04-01,1.3014
2016-04-04,1.3072
2016-04-05,1.3157
2016-04-06,1.3094
2016-04-07,1.3144
2016-04-08,1.3002
2016-04-11,1.2899
2016-04-12,1.2759
2016-04-13,1.2815
2016-04-14,1.2849
2016-04-15,1.2837
2016-04-18,1.2797
2016-04-19,1.2660
2016-04-20,1.2650
2016-04-21,1.2727
2016-04-22,1.2671
2016-04-25,1.2686
2016-04-26,1.2621
2016-04-27,1.2619
2016-04-28,1.2549
2016-04-29,1.2548
2016-05-02,1.2536
2016-05-03,1.2713
2016-05-04,1.2870
2016-05-05,1.2868
2016-05-06,1.2919
2016-05-09,1.2963
2016-05-10,1.2916
2016-05-11,1.2851
2016-05-12,1.2834
2016-05-13,1.2935
2016-05-16,1.2896
2016-05-17,1.2903
2016-05-18,1.3023
2016-05-19,1.3105
2016-05-20,1.3124
2016-05-24,1.3146
2016-05-25,1.3022
2016-05-26,1.2970
2016-05-27,1.3038
2016-05-30,1.3051
2016-05-31,1.3110
2016-06-01,1.3067
2016-06-02,1.3105
2016-06-03,1.2943
2016-06-06,1.2807
2016-06-07,1.2771
2016-06-08,1.2696
2016-06-09,1.2713
2016-06-10,1.2757
2016-06-13,1.2807
2016-06-14,1.2853
2016-06-15,1.2926
2016-06-16,1.2961
2016-06-17,1.2878
2016-06-20,1.2809
2016-06-21,1.2811
2016-06-22,1.2839
2016-06-23,1.2772
2016-06-24,1.2999
2016-06-27,1.3073
2016-06-28,1.3035
2016-06-29,1.2975
2016-06-30,1.2917
2016-07-04,1.2856
2016-07-05,1.3016
2016-07-06,1.2959
2016-07-07,1.3003
2016-07-08,1.3040
2016-07-11,1.3121
2016-07-12,1.3030
2016-07-13,1.2986
2016-07-14,1.2898
2016-07-15,1.2937
2016-07-18,1.2937
2016-07-19,1.3028
2016-07-20,1.3055
2016-07-21,1.3086
2016-07-22,1.3146
2016-07-25,1.3220
2016-07-26,1.3189
2016-07-27,1.3191
2016-07-28,1.3161
2016-07-29,1.3056
2016-08-02,1.3102
2016-08-03,1.3071
2016-08-04,1.3022
2016-08-05,1.3164
2016-08-08,1.3163
2016-08-09,1.3123
2016-08-10,1.3064
2016-08-11,1.2980
2016-08-12,1.2962
2016-08-15,1.2917
2016-08-16,1.2853
2016-08-17,1.2856
2016-08-18,1.2767
2016-08-19,1.2857
2016-08-22,1.2950
2016-08-23,1.2910
2016-08-24,1.2930
2016-08-25,1.2926
2016-08-26,1.3000
2016-08-29,1.3022
2016-08-30,1.3096
2016-08-31,1.3116
2016-09-01,1.3086
2016-09-02,1.2990
2016-09-06,1.2847
2016-09-07,1.2900
2016-09-08,1.2928
2016-09-09,1.3037
2016-09-12,1.3049
2016-09-13,1.3170
2016-09-14,1.3197
2016-09-15,1.3160
2016-09-16,1.3214
2016-09-19,1.3207
2016-09-20,1.3209
2016-09-21,1.3107
2016-09-22,1.3062
2016-09-23,1.3171
2016-09-26,1.3237
2016-09-27,1.3203
2016-09-28,1.3109
2016-09-29,1.3149
2016-09-30,1.3117
2016-10-03,1.3110
2016-10-04,1.3194
2016-10-05,1.3182
2016-10-06,1.3213
2016-10-07,1.3285
2016-10-11,1.3241
2016-10-12,1.3259
2016-10-13,1.3205
2016-10-14,1.3145
2016-10-17,1.3130
2016-10-18,1.3119
2016-10-19,1.3127
2016-10-20,1.3222
2016-10-21,1.3327
2016-10-24,1.3386
2016-10-25,1.3352
2016-10-26,1.3382
2016-10-27,1.3387
2016-10-28,1.3384
2016-10-31,1.3411
2016-11-01,1.3393
2016-11-02,1.3395
2016-11-03,1.3383
2016-11-04,1.3403
2016-11-07,1.3372
2016-11-08,1.3305
2016-11-09,1.3378
2016-11-10,1.3483
2016-11-14,1.3551
2016-11-15,1.3447
2016-11-16,1.3441
2016-11-17,1.3507
2016-11-18,1.3513
2016-11-21,1.3413
2016-11-22,1.3453
2016-11-23,1.3496
2016-11-24,1.3491
2016-11-25,1.3527
2016-11-28,1.3421
2016-11-29,1.3437
2016-11-30,1.3429
2016-12-01,1.3317
2016-12-02,1.3283
2016-12-05,1.3276
2016-12-06,1.3284
2016-12-07,1.3237
2016-12-08,1.3191
2016-12-09,1.3180
2016-12-12,1.3134
2016-12-13,1.3133
2016-12-14,1.3274
2016-12-15,1.3347
2016-12-16,1.3344
2016-12-19,1.3417
2016-12-20,1.3367
2016-12-21,1.3407
2016-12-22,1.3497
2016-12-23,1.3535
2016-12-28,1.3555
2016-12-29,1.3508
2016-12-30,1.3427
2017-01-03,1.3435
2017-01-04,1.3315
2017-01-05,1.3244
2017-01-06,1.3214
2017-01-09,1.3240
2017-01-10,1.3213
2017-01-11,1.3250
2017-01-12,1.3106
2017-01-13,1.3141
2017-01-16,1.3152
2017-01-17,1.3057
2017-01-18,1.3099
2017-01-19,1.3303
2017-01-20,1.3356
2017-01-23,1.3291
2017-01-24,1.3174
2017-01-25,1.3088
2017-01-26,1.3103
2017-01-27,1.3123
2017-01-30,1.3114
2017-01-31,1.3030
2017-02-01,1.3074
2017-02-02,1.3016
2017-02-03,1.3016
2017-02-06,1.3099
2017-02-07,1.3167
2017-02-08,1.3157
2017-02-09,1.3127
2017-02-10,1.3084
2017-02-13,1.3082
2017-02-14,1.3070
2017-02-15,1.3088
2017-02-16,1.3055
2017-02-17,1.3102
2017-02-21,1.3148
2017-02-22,1.3181
2017-02-23,1.3110
2017-02-24,1.3095
2017-02-27,1.3118
2017-02-28,1.3249
2017-03-01,1.3338
2017-03-02,1.3387
2017-03-03,1.3405
2017-03-06,1.3404
2017-03-07,1.3417
2017-03-08,1.3475
2017-03-09,1.3513
2017-03-10,1.3464
2017-03-13,1.3447
2017-03-14,1.3484
2017-03-15,1.3428
2017-03-16,1.3319
2017-03-17,1.3337
2017-03-20,1.3358
2017-03-21,1.3317
2017-03-22,1.3360
2017-03-23,1.3336
2017-03-24,1.3374
2017-03-27,1.3373
2017-03-28,1.3374
2017-03-29,1.3364
2017-03-30,1.3304
2017-03-31,1.3310
2017-04-03,1.3384
2017-04-04,1.3425
2017-04-05,1.3409
2017-04-06,1.3418
2017-04-07,1.3395
2017-04-10,1.3349
2017-04-11,1.3332
2017-04-12,1.3300
2017-04-13,1.3275
2017-04-17,1.3289
2017-04-18,1.3377
2017-04-19,1.3460
2017-04-20,1.3482
2017-04-21,1.3506
2017-04-24,1.3492
2017-04-25,1.3592
2017-04-26,1.3593
2017-04-27,1.3624
2017-04-28,1.3662
2017-05-01,1.3660
2017-05-02,1.3720
2017-05-03,1.3714
2017-05-04,1.3743
2017-05-05,1.3712
2017-05-08,1.3705
2017-05-09,1.3728
2017-05-10,1.3672
2017-05-11,1.3707
2017-05-12,1.3714
2017-05-15,1.3641
2017-05-16,1.3596
2017-05-17,1.3614
2017-05-18,1.3611
2017-05-19,1.3544
2017-05-23,1.3490
2017-05-24,1.3460
2017-05-25,1.3453
2017-05-26,1.3456
2017-05-29,1.3446
2017-05-30,1.3469
2017-05-31,1.3500
2017-06-01,1.3500
2017-06-02,1.3504
2017-06-05,1.3483
2017-06-06,1.3461
2017-06-07,1.3492
2017-06-08,1.3503
2017-06-09,1.3453
2017-06-12,1.3415
2017-06-13,1.3238
2017-06-14,1.3209
2017-06-15,1.3283
2017-06-16,1.3232
2017-06-19,1.3220
2017-06-20,1.3267
2017-06-21,1.3310
2017-06-22,1.3241
2017-06-23,1.3268
2017-06-26,1.3238
2017-06-27,1.3188
2017-06-28,1.3060
2017-06-29,1.3015
2017-06-30,1.2977
2017-07-04,1.2941
2017-07-05,1.2982
2017-07-06,1.2946
2017-07-07,1.2887
2017-07-10,1.2888
2017-07-11,1.2920
2017-07-12,1.2794
2017-07-13,1.2743
2017-07-14,1.2672
2017-07-17,1.2669
2017-07-18,1.2628
2017-07-19,1.2595
2017-07-20,1.2585
2017-07-21,1.2549
2017-07-24,1.2512
2017-07-25,1.2507
2017-07-26,1.2505
2017-07-27,1.2520
2017-07-28,1.2447
2017-07-31,1.2485
2017-08-01,1.2514
2017-08-02,1.2560
2017-08-03,1.2578
2017-08-04,1.2638
2017-08-08,1.2672
2017-08-09,1.2705
2017-08-10,1.2711
2017-08-11,1.2685
2017-08-14,1.2705
2017-08-15,1.2755
2017-08-16,1.2699
2017-08-17,1.2647
2017-08-18,1.2586
2017-08-21,1.2575
2017-08-22,1.2552
2017-08-23,1.2564
2017-08-24,1.2529
2017-08-25,1.2492
2017-08-28,1.2482
2017-08-29,1.2515
2017-08-30,1.2605
2017-08-31,1.2536
2017-09-01,1.2390
2017-09-05,1.2371
2017-09-06,1.2264
2017-09-07,1.2148
2017-09-08,1.2132
2017-09-11,1.2128
2017-09-12,1.2159
2017-09-13,1.2187
2017-09-14,1.2198
2017-09-15,1.2182
2017-09-18,1.2238
2017-09-19,1.2277
2017-09-20,1.2273
2017-09-21,1.2339
2017-09-22,1.2317
2017-09-25,1.2341
2017-09-26,1.2370
2017-09-27,1.2412
2017-09-28,1.2450
2017-09-29,1.2480
2017-10-02,1.2505
2017-10-03,1.2500
2017-10-04,1.2479
2017-10-05,1.2548
2017-10-06,1.2549
2017-10-10,1.2501
2017-10-11,1.2498
2017-10-12,1.2472
2017-10-13,1.2487
2017-10-16,1.2529
2017-10-17,1.2548
2017-10-18,1.2486
2017-10-19,1.2478
2017-10-20,1.2601
2017-10-23,1.2644
2017-10-24,1.2666
2017-10-25,1.2771
2017-10-26,1.2831
2017-10-27,1.2874
2017-10-30,1.2837
2017-10-31,1.2893
2017-11-01,1.2885
2017-11-02,1.2822
2017-11-03,1.2764
2017-11-06,1.2746
2017-11-07,1.2785
2017-11-08,1.2729
2017-11-09,1.2692
2017-11-10,1.2683
2017-11-14,1.2733
2017-11-15,1.2773
2017-11-16,1.2745
2017-11-17,1.2783
2017-11-20,1.2793
2017-11-21,1.2778
2017-11-22,1.2729
2017-11-23,1.2715
2017-11-24,1.2708
2017-11-27,1.2735
2017-11-28,1.2807
2017-11-29,1.2853
2017-11-30,1.2888
2017-12-01,1.2729
2017-12-04,1.2695
2017-12-05,1.2680
2017-12-06,1.2757
2017-12-07,1.2843
2017-12-08,1.2860
2017-12-11,1.2854
2017-12-12,1.2871
2017-12-13,1.2852
2017-12-14,1.2805
2017-12-15,1.2834
2017-12-18,1.2865
2017-12-19,1.2886
2017-12-20,1.2842
2017-12-21,1.2734
2017-12-22,1.2759
2017-12-27,1.2641
2017-12-28,1.2588
2017-12-29,1.2545
2018-01-02,1.2517
2018-01-03,1.2533
2018-01-04,1.2515
2018-01-05,1.2403
2018-01-08,1.2422
2018-01-09,1.2454
2018-01-10,1.2496
2018-01-11,1.2535
2018-01-12,1.2504
2018-01-15,1.2422
2018-01-16,1.2419
2018-01-17,1.2425
2018-01-18,1.2446
2018-01-19,1.2459
2018-01-22,1.2458
2018-01-23,1.2454
2018-01-24,1.2341
2018-01-25,1.2323
2018-01-26,1.2321
2018-01-29,1.2335
2018-01-30,1.2328
2018-01-31,1.2293
2018-02-01,1.2288
2018-02-02,1.2380
2018-02-05,1.2483
2018-02-06,1.2530
2018-02-07,1.2546
2018-02-08,1.2585
2018-02-09,1.2609
2018-02-12,1.2603
2018-02-13,1.2600
2018-02-14,1.2562
2018-02-15,1.2507
2018-02-16,1.2540
2018-02-20,1.2622
2018-02-21,1.2671
2018-02-22,1.2709
2018-02-23,1.2668
2018-02-26,1.2686
2018-02-27,1.2740
2018-02-28,1.2809
2018-03-01,1.2851
2018-03-02,1.2891
2018-03-05,1.2977
2018-03-06,1.2898
2018-03-07,1.2947
2018-03-08,1.2927
2018-03-09,1.2840
2018-03-12,1.2830
2018-03-13,1.2912
2018-03-14,1.2944
2018-03-15,1.3032
2018-03-16,1.3088
2018-03-19,1.3079
2018-03-20,1.3077
2018-03-21,1.2958
2018-03-22,1.2908
2018-03-23,1.2856
2018-03-26,1.2886
2018-03-27,1.2869
2018-03-28,1.2902
2018-03-29,1.2894
2018-04-02,1.2908
2018-04-03,1.2812
2018-04-04,1.2809
2018-04-05,1.2776
2018-04-06,1.2764
2018-04-09,1.2729
2018-04-10,1.2618
2018-04-11,1.2584
2018-04-12,1.2596
2018-04-13,1.2597
2018-04-16,1.2579
2018-04-17,1.2552
2018-04-18,1.2614
2018-04-19,1.2633
2018-04-20,1.2728
2018-04-23,1.2833
2018-04-24,1.2828
2018-04-25,1.2869
2018-04-26,1.2862
2018-04-27,1.2857
2018-04-30,1.2836
2018-05-01,1.2867
2018-05-02,1.2851
2018-05-03,1.2862
2018-05-04,1.2861
2018-05-07,1.2864
2018-05-08,1.2963
2018-05-09,1.2856
2018-05-10,1.2775
2018-05-11,1.2779
2018-05-14,1.2775
2018-05-15,1.2876
2018-05-16,1.2809
2018-05-17,1.2801
2018-05-18,1.2880
2018-05-22,1.2786
2018-05-23,1.2876
2018-05-24,1.2891
2018-05-25,1.2974
2018-05-28,1.3001
2018-05-29,1.3020
2018-05-30,1.2897
2018-05-31,1.2948
2018-06-01,1.2964
2018-06-04,1.2928
2018-06-05,1.2993
2018-06-06,1.2913
2018-06-07,1.2972
2018-06-08,1.2962
2018-06-11,1.2993
2018-06-12,1.3004
2018-06-13,1.2988
2018-06-14,1.3052
2018-06-15,1.3177
2018-06-18,1.3208
2018-06-19,1.3276
2018-06-20,1.3301
2018-06-21,1.3310
2018-06-22,1.3308
2018-06-25,1.3303
2018-06-26,1.3306
2018-06-27,1.3307
2018-06-28,1.3267
2018-06-29,1.3168
2018-07-03,1.3154
2018-07-04,1.3143
2018-07-05,1.3129
2018-07-06,1.3105
2018-07-09,1.3097
2018-07-10,1.3125
2018-07-11,1.3151
2018-07-12,1.3166
2018-07-13,1.3171
2018-07-16,1.3137
2018-07-17,1.3187
2018-07-18,1.3204
2018-07-19,1.3255
2018-07-20,1.3142
2018-07-23,1.3156
2018-07-24,1.3157
2018-07-25,1.3088
2018-07-26,1.3065
2018-07-27,1.3062
2018-07-30,1.3021
2018-07-31,1.3017
2018-08-01,1.3002
2018-08-02,1.3014
2018-08-03,1.2983
2018-08-07,1.3023
2018-08-08,1.3052
2018-08-09,1.3040
2018-08-10,1.3113
2018-08-13,1.3136
2018-08-14,1.3087
2018-08-15,1.3138
2018-08-16,1.3152
2018-08-17,1.3081
2018-08-20,1.3065
2018-08-21,1.3036
2018-08-22,1.3016
2018-08-23,1.3063
2018-08-24,1.3036
2018-08-27,1.2986
2018-08-28,1.2917
2018-08-29,1.2931
2018-08-30,1.2980
2018-08-31,1.3055
2018-09-04,1.3182
2018-09-05,1.3185
2018-09-06,1.3188
2018-09-07,1.3164
2018-09-10,1.3163
2018-09-11,1.3141
2018-09-12,1.3014
2018-09-13,1.2997
2018-09-14,1.3033
2018-09-17,1.3019
2018-09-18,1.2992
2018-09-19,1.2947
2018-09-20,1.2905
2018-09-21,1.2916
2018-09-24,1.2935
2018-09-25,1.2948
2018-09-26,1.2975
2018-09-27,1.3045
2018-09-28,1.2945
2018-10-01,1.2803
2018-10-02,1.2817
2018-10-03,1.2832
2018-10-04,1.2900
2018-10-05,1.2936
2018-10-09,1.2965
2018-10-10,1.2992
2018-10-11,1.3038
2018-10-12,1.3031
2018-10-15,1.2993
2018-10-16,1.2938
2018-10-17,1.2994
2018-10-18,1.3057
2018-10-19,1.3104
2018-10-22,1.3105
2018-10-23,1.3098
2018-10-24,1.3029
2018-10-25,1.3076
2018-10-26,1.3108
2018-10-29,1.3119
2018-10-30,1.3133
2018-10-31,1.3142
2018-11-01,1.3088
2018-11-02,1.3105
2018-11-05,1.3096
2018-11-06,1.3130
2018-11-07,1.3096
2018-11-08,1.3114
2018-11-09,1.3206
2018-11-13,1.3241
2018-11-14,1.3235
2018-11-15,1.3202
2018-11-16,1.3154
2018-11-19,1.3182
2018-11-20,1.3259
2018-11-21,1.3270
2018-11-22,1.3205
2018-11-23,1.3228
2018-11-26,1.3230
2018-11-27,1.3289
2018-11-28,1.3302
2018-11-29,1.3275
2018-11-30,1.3301
2018-12-03,1.3191
2018-12-04,1.3219
2018-12-05,1.3353
2018-12-06,1.3404
2018-12-07,1.3299
2018-12-10,1.3379
2018-12-11,1.3402
2018-12-12,1.3346
2018-12-13,1.3359
2018-12-14,1.3379
2018-12-17,1.3399
2018-12-18,1.3454
2018-12-19,1.3450
2018-12-20,1.3495
2018-12-21,1.3566
2018-12-24,1.3589
2018-12-27,1.3641
2018-12-28,1.3638
2018-12-31,1.3642
2019-01-02,1.3600
2019-01-03,1.3501
2019-01-04,1.3410
2019-01-07,1.3313
2019-01-08,1.3293
2019-01-09,1.3221
2019-01-10,1.3234
2019-01-11,1.3259
2019-01-14,1.3269
2019-01-15,1.3266
2019-01-16,1.3248
2019-01-17,1.3294
2019-01-18,1.3260
2019-01-21,1.3297
2019-01-22,1.3340
2019-01-23,1.3348
2019-01-24,1.3351
2019-01-25,1.3256
2019-01-28,1.3260
2019-01-29,1.3266
2019-01-30,1.3192
2019-01-31,1.3144
2019-02-01,1.3095
2019-02-04,1.3127
2019-02-05,1.3134
2019-02-06,1.3190
2019-02-07,1.3285
2019-02-08,1.3270
2019-02-11,1.3294
2019-02-12,1.3248
2019-02-13,1.3240
2019-02-14,1.3298
2019-02-15,1.3266
2019-02-19,1.3238
2019-02-20,1.3169
2019-02-21,1.3196
2019-02-22,1.3173
2019-02-25,1.3174
2019-02-26,1.3195
2019-02-27,1.3145
2019-02-28,1.3169
2019-03-01,1.3260
2019-03-04,1.3317
2019-03-05,1.3345
2019-03-06,1.3420
2019-03-07,1.3438
2019-03-08,1.3422
2019-03-11,1.3414
2019-03-12,1.3378
2019-03-13,1.3326
2019-03-14,1.3327
2019-03-15,1.3342
2019-03-18,1.3345
2019-03-19,1.3292
2019-03-20,1.3317
2019-03-21,1.3366
2019-03-22,1.3411
2019-03-25,1.3420
2019-03-26,1.3386
2019-03-27,1.3414
2019-03-28,1.3429
2019-03-29,1.3363
2019-04-01,1.3337
2019-04-02,1.3344
2019-04-03,1.3324
2019-04-04,1.3357
2019-04-05,1.3386
2019-04-08,1.3325
2019-04-09,1.3316
2019-04-10,1.3326
2019-04-11,1.3378
2019-04-12,1.3329
2019-04-15,1.3354
2019-04-16,1.3361
2019-04-17,1.3332
2019-04-18,1.3382
2019-04-22,1.3353
2019-04-23,1.3421
2019-04-24,1.3475
2019-04-25,1.3493
2019-04-26,1.3460
2019-04-29,1.3456
2019-04-30,1.3423
2019-05-01,1.3416
2019-05-02,1.3462
2019-05-03,1.3429
2019-05-06,1.3456
2019-05-07,1.3476
2019-05-08,1.3466
2019-05-09,1.3483
2019-05-10,1.3418
2019-05-13,1.3457
2019-05-14,1.3469
2019-05-15,1.3451
2019-05-16,1.3439
2019-05-17,1.3468
2019-05-21,1.3413
2019-05-22,1.3410
2019-05-23,1.3478
2019-05-24,1.3447
2019-05-27,1.3442
2019-05-28,1.3477
2019-05-29,1.3514
2019-05-30,1.3501
2019-05-31,1.3527
2019-06-03,1.3470
2019-06-04,1.3414
2019-06-05,1.3401
2019-06-06,1.3378
2019-06-07,1.3283
2019-06-10,1.3267
2019-06-11,1.3278
2019-06-12,1.3303
2019-06-13,1.3324
2019-06-14,1.3385
2019-06-17,1.3407
2019-06-18,1.3394
2019-06-19,1.3343
2019-06-20,1.3191
2019-06-21,1.3212
2019-06-24,1.3194
2019-06-25,1.3174
2019-06-26,1.3130
2019-06-27,1.3111
2019-06-28,1.3087
2019-07-02,1.3114
2019-07-03,1.3073
2019-07-04,1.3059
2019-07-05,1.3099
2019-07-08,1.3081
2019-07-09,1.3127
2019-07-10,1.3092
2019-07-11,1.3071
2019-07-12,1.3038
2019-07-15,1.3039
2019-07-16,1.3052
2019-07-17,1.3053
2019-07-18,1.3069
2019-07-19,1.3071
2019-07-22,1.3103
2019-07-23,1.3142
2019-07-24,1.3137
2019-07-25,1.3146
2019-07-26,1.3182
2019-07-29,1.3159
2019-07-30,1.3168
2019-07-31,1.3148
2019-08-01,1.3217
2019-08-02,1.3225
2019-08-06,1.3253
2019-08-07,1.3322
2019-08-08,1.3257
2019-08-09,1.3221
2019-08-12,1.3234
2019-08-13,1.3236
2019-08-14,1.3311
2019-08-15,1.3325
2019-08-16,1.3286
2019-08-19,1.3298
2019-08-20,1.3323
2019-08-21,1.3278
2019-08-22,1.3293
2019-08-23,1.3310
2019-08-26,1.3279
2019-08-27,1.3267
2019-08-28,1.3301
2019-08-29,1.3296
2019-08-30,1.3295
2019-09-03,1.3343
2019-09-04,1.3263
2019-09-05,1.3228
2019-09-06,1.3174
2019-09-09,1.3155
2019-09-10,1.3153
2019-09-11,1.3181
2019-09-12,1.3205
2019-09-13,1.3257
2019-09-16,1.3248
2019-09-17,1.3257
2019-09-18,1.3271
2019-09-19,1.3259
2019-09-20,1.3275
2019-09-23,1.3270
2019-09-24,1.3249
2019-09-25,1.3270
2019-09-26,1.3260
2019-09-27,1.3249
2019-09-30,1.3243
2019-10-01,1.3244
2019-10-02,1.3294
2019-10-03,1.3330
2019-10-04,1.3317
2019-10-07,1.3306
2019-10-08,1.3323
2019-10-09,1.3324
2019-10-10,1.3294
2019-10-11,1.3198
2019-10-15,1.3211
2019-10-16,1.3201
2019-10-17,1.3143
2019-10-18,1.3132
2019-10-21,1.3096
2019-10-22,1.3094
2019-10-23,1.3086
2019-10-24,1.3075
2019-10-25,1.3064
2019-10-28,1.3056
2019-10-29,1.3075
2019-10-30,1.3152
2019-10-31,1.3160
2019-11-01,1.3157
2019-11-04,1.3148
2019-11-05,1.3153
2019-11-06,1.3179
2019-11-07,1.3176
2019-11-08,1.3223
2019-11-12,1.3228
2019-11-13,1.3249
2019-11-14,1.3258
2019-11-15,1.3231
2019-11-18,1.3214
2019-11-19,1.3237
2019-11-20,1.3304
2019-11-21,1.3285
2019-11-22,1.3287
2019-11-25,1.3307
2019-11-26,1.3288
2019-11-27,1.3278
2019-11-28,1.3285
2019-11-29,1.3289
2019-12-02,1.3297
2019-12-03,1.3302
2019-12-04,1.3223
2019-12-05,1.3174
2019-12-06,1.3255
2019-12-09,1.3235
2019-12-10,1.3233
2019-12-11,1.3201
2019-12-12,1.3182
2019-12-13,1.3183
2019-12-16,1.3142
2019-12-17,1.3160
2019-12-18,1.3119
2019-12-19,1.3122
2019-12-20,1.3164
2019-12-23,1.3160
2019-12-24,1.3157
2019-12-27,1.3078
2019-12-30,1.3059
2019-12-31,1.2988
2020-01-02,1.2992
2020-01-03,1.2988
2020-01-06,1.2970
2020-01-07,1.3009
2020-01-08,1.3026
2020-01-09,1.3079
2020-01-10,1.3051
2020-01-13,1.3048
2020-01-14,1.3062
2020-01-15,1.3050
2020-01-16,1.3045
2020-01-17,1.3062
2020-01-20,1.3053
2020-01-21,1.3067
2020-01-22,1.3116
2020-01-23,1.3143
2020-01-24,1.3140
2020-01-27,1.3182
2020-01-28,1.3179
2020-01-29,1.3196
2020-01-30,1.3217
2020-01-31,1.3233
2020-02-03,1.3275
2020-02-04,1.3278
2020-02-05,1.3289
2020-02-06,1.3290
2020-02-07,1.3305
2020-02-10,1.3319
2020-02-11,1.3292
2020-02-12,1.3254
2020-02-13,1.3256
2020-02-14,1.3249
2020-02-18,1.3258
2020-02-19,1.3231
2020-02-20,1.3254
2020-02-21,1.3224
2020-02-24,1.3279
2020-02-25,1.3281
2020-02-26,1.3307
2020-02-27,1.3361
2020-02-28,1.3429
2020-03-02,1.3356
2020-03-03,1.3363
2020-03-04,1.3392
2020-03-05,1.3415
2020-03-06,1.3421
2020-03-09,1.3598
2020-03-10,1.3731
2020-03-11,1.3745
2020-03-12,1.3820
2020-03-13,1.3901
2020-03-16,1.3964
2020-03-17,1.4175
2020-03-18,1.4496
2020-03-19,1.4495
2020-03-20,1.4332
2020-03-23,1.4482
2020-03-24,1.4491
2020-03-25,1.4302
2020-03-26,1.4077
2020-03-27,1.4056
2020-03-30,1.4156
2020-03-31,1.4187
2020-04-01,1.4217
2020-04-02,1.4179
2020-04-03,1.4142
2020-04-06,1.4127
2020-04-07,1.3986
2020-04-08,1.4034
2020-04-09,1.3985
2020-04-13,1.3936
2020-04-14,1.3904
2020-04-15,1.4086
2020-04-16,1.4122
2020-04-17,1.4037
2020-04-20,1.4086
2020-04-21,1.4203
2020-04-22,1.4155
2020-04-23,1.4063
2020-04-24,1.4090
2020-04-27,1.4053
2020-04-28,1.3978
2020-04-29,1.3922
2020-04-30,1.3910
2020-05-01,1.4066
2020-05-04,1.4085
2020-05-05,1.4032
2020-05-06,1.4124
2020-05-07,1.4015
2020-05-08,1.3934
2020-05-11,1.4012
2020-05-12,1.4015
2020-05-13,1.4073
2020-05-14,1.4090
2020-05-15,1.4094
2020-05-19,1.3893
2020-05-20,1.3892
2020-05-21,1.3935
2020-05-22,1.4015
2020-05-25,1.3984
2020-05-26,1.3804
2020-05-27,1.3780
2020-05-28,1.3764
2020-05-29,1.3787
2020-06-01,1.3630
2020-06-02,1.3515
2020-06-03,1.3504
2020-06-04,1.3508
2020-06-05,1.3429
2020-06-08,1.3383
2020-06-09,1.3423
2020-06-10,1.3390
2020-06-11,1.3553
2020-06-12,1.3596
2020-06-15,1.3604
2020-06-16,1.3558
2020-06-17,1.3555
2020-06-18,1.3589
2020-06-19,1.3587
2020-06-22,1.3545
2020-06-23,1.3516
2020-06-24,1.3591
2020-06-25,1.3645
2020-06-26,1.3676
2020-06-29,1.3682
2020-06-30,1.3628
2020-07-02,1.3586
2020-07-03,1.3565
2020-07-06,1.3543
2020-07-07,1.3583
2020-07-08,1.3538
2020-07-09,1.3555
2020-07-10,1.3594
2020-07-13,1.3567
2020-07-14,1.3616
2020-07-15,1.3534
2020-07-16,1.3543
2020-07-17,1.3574
2020-07-20,1.3543
2020-07-21,1.3446
2020-07-22,1.3420
2020-07-23,1.3392
2020-07-24,1.3421
2020-07-27,1.3378
2020-07-28,1.3373
2020-07-29,1.3360
2020-07-30,1.3432
2020-07-31,1.3404
2020-08-04,1.3372
2020-08-05,1.3262
2020-08-06,1.3292
2020-08-07,1.3377
2020-08-10,1.3354
2020-08-11,1.3291
2020-08-12,1.3254
2020-08-13,1.3217
2020-08-14,1.3250
2020-08-17,1.3207
2020-08-18,1.3170
2020-08-19,1.3171
2020-08-20,1.3195
2020-08-21,1.3205
2020-08-24,1.3207
2020-08-25,1.3194
2020-08-26,1.3155
2020-08-27,1.3129
2020-08-28,1.3097
2020-08-31,1.3042
2020-09-01,1.3055
2020-09-02,1.3067
2020-09-03,1.3123
2020-09-04,1.3089
2020-09-08,1.3191
2020-09-09,1.3173
2020-09-10,1.3162
2020-09-11,1.3186
2020-09-14,1.3175
2020-09-15,1.3176
2020-09-16,1.3168
2020-09-17,1.3200
2020-09-18,1.3186
2020-09-21,1.3293
2020-09-22,1.3310
2020-09-23,1.3358
2020-09-24,1.3374
2020-09-25,1.3396
2020-09-28,1.3378
2020-09-29,1.3391
2020-09-30,1.3339
2020-10-01,1.3292
2020-10-02,1.3310
2020-10-05,1.3269
2020-10-06,1.3272
2020-10-07,1.3275
2020-10-08,1.3220
2020-10-09,1.3136
2020-10-13,1.3133
2020-10-14,1.3139
2020-10-15,1.3230
2020-10-16,1.3192
2020-10-19,1.3165
2020-10-20,1.3138
2020-10-21,1.3122
2020-10-22,1.3142
2020-10-23,1.3140
2020-10-26,1.3201
2020-10-27,1.3164
2020-10-28,1.3302
2020-10-29,1.3349
2020-10-30,1.3318
2020-11-02,1.3257
2020-11-03,1.3145
2020-11-04,1.3138
2020-11-05,1.3051
2020-11-06,1.3039
2020-11-09,1.2970
2020-11-10,1.3017
2020-11-12,1.3123
2020-11-13,1.3147
2020-11-16,1.3085
2020-11-17,1.3094
2020-11-18,1.3063
2020-11-19,1.3083
2020-11-20,1.3071
2020-11-23,1.3082
2020-11-24,1.3033
2020-11-25,1.3003
2020-11-26,1.3013
2020-11-27,1.2985
2020-11-30,1.2965
2020-12-01,1.2952
2020-12-02,1.2934
2020-12-03,1.2880
2020-12-04,1.2801
2020-12-07,1.2801
2020-12-08,1.2808
2020-12-09,1.2803
2020-12-10,1.2734
2020-12-11,1.2769
2020-12-14,1.2757
2020-12-15,1.2722
2020-12-16,1.2753
2020-12-17,1.2718
2020-12-18,1.2775
2020-12-21,1.2849
2020-12-22,1.2908
2020-12-23,1.2856
2020-12-24,1.2835
2020-12-29,1.2806
2020-12-30,1.2769
2020-12-31,1.2732
2021-01-04,1.2751
2021-01-05,1.2707
2021-01-06,1.2685
2021-01-07,1.2707
2021-01-08,1.2705
2021-01-11,1.2788
2021-01-12,1.2746
2021-01-13,1.2710
2021-01-14,1.2654
2021-01-15,1.2727
2021-01-18,1.2762
2021-01-19,1.2735
2021-01-20,1.2656
2021-01-21,1.2627
2021-01-22,1.2716
2021-01-25,1.2738
2021-01-26,1.2702
2021-01-27,1.2775
2021-01-28,1.2810
2021-01-29,1.2780
2021-02-01,1.2824
2021-02-02,1.2818
2021-02-03,1.2783
2021-02-04,1.2828
2021-02-05,1.2777
2021-02-08,1.2753
2021-02-09,1.2719
2021-02-10,1.2689
2021-02-11,1.2686
2021-02-12,1.2711
2021-02-16,1.2684
2021-02-17,1.2712
2021-02-18,1.2696
2021-02-19,1.2614
2021-02-22,1.2613
2021-02-23,1.2603
2021-02-24,1.2548
2021-02-25,1.2530
2021-02-26,1.2685
2021-03-01,1.2661
2021-03-02,1.2626
2021-03-03,1.2631
2021-03-04,1.2637
2021-03-05,1.2668
2021-03-08,1.2660
2021-03-09,1.2635
2021-03-10,1.2637
2021-03-11,1.2561
2021-03-12,1.2493
2021-03-15,1.2480
2021-03-16,1.2455
2021-03-17,1.2465
2021-03-18,1.2458
2021-03-19,1.2506
2021-03-22,1.2513
2021-03-23,1.2562
2021-03-24,1.2562
2021-03-25,1.2606
2021-03-26,1.2580
2021-03-29,1.2594
2021-03-30,1.2631
2021-03-31,1.2575
2021-04-01,1.2565
2021-04-05,1.2525
2021-04-06,1.2559
2021-04-07,1.2617
2021-04-08,1.2579
2021-04-09,1.2544
2021-04-12,1.2553
2021-04-13,1.2554
2021-04-14,1.2533
2021-04-15,1.2530
2021-04-16,1.2503
2021-04-19,1.2519
2021-04-20,1.2572
2021-04-21,1.2523
2021-04-22,1.2500
2021-04-23,1.2489
2021-04-26,1.2412
2021-04-27,1.2403
2021-04-28,1.2357
2021-04-29,1.2292
2021-04-30,1.2285
2021-05-03,1.2279
2021-05-04,1.2315
2021-05-05,1.2272
2021-05-06,1.2200
2021-05-07,1.2156
2021-05-10,1.2095
2021-05-11,1.2096
2021-05-12,1.2096
2021-05-13,1.2150
2021-05-14,1.2109
2021-05-17,1.2081
2021-05-18,1.2051
2021-05-19,1.2100
2021-05-20,1.2070
2021-05-21,1.2061
2021-05-25,1.2057
2021-05-26,1.2110
2021-05-27,1.2073
2021-05-28,1.2086
2021-05-31,1.2072
2021-06-01,1.2040
2021-06-02,1.2052
2021-06-03,1.2103
2021-06-04,1.2084
2021-06-07,1.2073
2021-06-08,1.2097
2021-06-09,1.2095
2021-06-10,1.2094
2021-06-11,1.2148
2021-06-14,1.2142
2021-06-15,1.2188
2021-06-16,1.2191
2021-06-17,1.2341
2021-06-18,1.2419
2021-06-21,1.2377
2021-06-22,1.2356
2021-06-23,1.2287
2021-06-24,1.2316
2021-06-25,1.2294
2021-06-28,1.2335
2021-06-29,1.2384
2021-06-30,1.2394
2021-07-02,1.2353
2021-07-05,1.2343
2021-07-06,1.2446
2021-07-07,1.2475
2021-07-08,1.2540
2021-07-09,1.2476
2021-07-12,1.2471
2021-07-13,1.2514
2021-07-14,1.2497
2021-07-15,1.2572
2021-07-16,1.2593
2021-07-19,1.2759
2021-07-20,1.2730
2021-07-21,1.2589
2021-07-22,1.2567
2021-07-23,1.2575
2021-07-26,1.2549
2021-07-27,1.2578
2021-07-28,1.2566
2021-07-29,1.2450
2021-07-30,1.2462
2021-08-03,1.2545
2021-08-04,1.2545
2021-08-05,1.2497
2021-08-06,1.2550
2021-08-09,1.2565
2021-08-10,1.2540
2021-08-11,1.2506
2021-08-12,1.2520
2021-08-13,1.2514
2021-08-16,1.2569
2021-08-17,1.2623
2021-08-18,1.2630
2021-08-19,1.2792
2021-08-20,1.2856
2021-08-23,1.2682
2021-08-24,1.2608
2021-08-25,1.2619
2021-08-26,1.2651
2021-08-27,1.2635
2021-08-30,1.2603
2021-08-31,1.2617
2021-09-01,1.2607
2021-09-02,1.2573
2021-09-03,1.2518
2021-09-07,1.2621
2021-09-08,1.2676
2021-09-09,1.2654
2021-09-10,1.2631
2021-09-13,1.2662
2021-09-14,1.2661
2021-09-15,1.2651
2021-09-16,1.2674
2021-09-17,1.2721
2021-09-20,1.2828
2021-09-21,1.2801
2021-09-22,1.2756
2021-09-23,1.2653
2021-09-24,1.2680
2021-09-27,1.2637
2021-09-28,1.2680
2021-09-29,1.2741
2021-10-01,1.2654
2021-10-04,1.2583
2021-10-05,1.2575
2021-10-06,1.2613
2021-10-07,1.2558
2021-10-08,1.2482
2021-10-12,1.2461
2021-10-13,1.2445
2021-10-14,1.2372
2021-10-15,1.2379
2021-10-18,1.2375
2021-10-19,1.2357
2021-10-20,1.2329
2021-10-21,1.2351
2021-10-22,1.2357
2021-10-25,1.2379
2021-10-26,1.2376
2021-10-27,1.2358
2021-10-28,1.2349
2021-10-29,1.2384
2021-11-01,1.2368
2021-11-02,1.2404
2021-11-03,1.2417
2021-11-04,1.2449
2021-11-05,1.2452
2021-11-08,1.2449
2021-11-09,1.2448
2021-11-10,1.2452
2021-11-12,1.2565
2021-11-15,1.2517
2021-11-16,1.2550
2021-11-17,1.2595
2021-11-18,1.2615
2021-11-19,1.2639
2021-11-22,1.2680
2021-11-23,1.2707
2021-11-24,1.2677
2021-11-25,1.2654
2021-11-26,1.2771
2021-11-29,1.2765
2021-11-30,1.2792
2021-12-01,1.2776
2021-12-02,1.2815
2021-12-03,1.2812
2021-12-06,1.2780
2021-12-07,1.2660
2021-12-08,1.2642
2021-12-09,1.2700
2021-12-10,1.2714
2021-12-13,1.2791
2021-12-14,1.2845
2021-12-15,1.2893
2021-12-16,1.2782
2021-12-17,1.2846
2021-12-20,1.2942
2021-12-21,1.2927
2021-12-22,1.2865
2021-12-23,1.2816
2021-12-24,1.2813
2021-12-29,1.2804
2021-12-30,1.2776
2021-12-31,1.2678
2022-01-04,1.2708
2022-01-05,1.2717
2022-01-06,1.2741
2022-01-07,1.2666
2022-01-10,1.2679
2022-01-11,1.2606
2022-01-12,1.2510
2022-01-13,1.2484
2022-01-14,1.2545
2022-01-17,1.2520
2022-01-18,1.2529
2022-01-19,1.2492
2022-01-20,1.2474
2022-01-21,1.2545
2022-01-24,1.2656
2022-01-25,1.2629
2022-01-26,1.2606
2022-01-27,1.2712
2022-01-28,1.2772
2022-01-31,1.2719
2022-02-01,1.2694
2022-02-02,1.2677
2022-02-03,1.2679
2022-02-04,1.2758
2022-02-07,1.2688
2022-02-08,1.2709
2022-02-09,1.2680
2022-02-10,1.2682
2022-02-11,1.2702
2022-02-14,1.2738
2022-02-15,1.2741
2022-02-16,1.2686
2022-02-17,1.2695
2022-02-18,1.2734
2022-02-22,1.2743
2022-02-23,1.2718
2022-02-24,1.2832
2022-02-25,1.2747
2022-02-28,1.2698
2022-03-01,1.2708
2022-03-02,1.2668
2022-03-03,1.2664
2022-03-04,1.2750
2022-03-07,1.2773
2022-03-08,1.2867
2022-03-09,1.2821
2022-03-10,1.2776
2022-03-11,1.2720
2022-03-14,1.2777
2022-03-15,1.2803
2022-03-16,1.2721
2022-03-17,1.2651
2022-03-18,1.2617
2022-03-21,1.2593
2022-03-22,1.2588
2022-03-23,1.2571
2022-03-24,1.2545
2022-03-25,1.2502
2022-03-28,1.2541
2022-03-29,1.2509
2022-03-30,1.2470
2022-03-31,1.2496
2022-04-01,1.2512
2022-04-04,1.2490
2022-04-05,1.2451
2022-04-06,1.2509
2022-04-07,1.2584
2022-04-08,1.2589
2022-04-11,1.2621
2022-04-12,1.2617
2022-04-13,1.2607
2022-04-14,1.2601
2022-04-18,1.2618
2022-04-19,1.2624
2022-04-20,1.2502
2022-04-21,1.2529
2022-04-22,1.2702
2022-04-25,1.2758
2022-04-26,1.2797
2022-04-27,1.2828
2022-04-28,1.2829
2022-04-29,1.2792
2022-05-02,1.2895
2022-05-03,1.2847
2022-05-04,1.2810
2022-05-05,1.2822
2022-05-06,1.2882
2022-05-09,1.2964
2022-05-10,1.3012
2022-05-11,1.2970
2022-05-12,1.3039
2022-05-13,1.2953
2022-05-16,1.2888
2022-05-17,1.2834
2022-05-18,1.2841
2022-05-19,1.2809
2022-05-20,1.2829
2022-05-24,1.2826
2022-05-25,1.2837
2022-05-26,1.2792
2022-05-27,1.2738
2022-05-30,1.2662
2022-05-31,1.2648
2022-06-01,1.2639
2022-06-02,1.2597
2022-06-03,1.2579
2022-06-06,1.2564
2022-06-07,1.2555
2022-06-08,1.2540
2022-06-09,1.2644
2022-06-10,1.2777
2022-06-13,1.2859
2022-06-14,1.2940
2022-06-15,1.2948
2022-06-16,1.2928
2022-06-17,1.3035
2022-06-20,1.2994
2022-06-21,1.2929
2022-06-22,1.2942
2022-06-23,1.2982
2022-06-24,1.2933
2022-06-27,1.2887
2022-06-28,1.2864
2022-06-29,1.2878
2022-06-30,1.2886
2022-07-04,1.2867
2022-07-05,1.3038
2022-07-06,1.3047
2022-07-07,1.2986
2022-07-08,1.2968
2022-07-11,1.3000
2022-07-12,1.3015
2022-07-13,1.2976
2022-07-14,1.3138
2022-07-15,1.3038
2022-07-18,1.2948
2022-07-19,1.2904
2022-07-20,1.2884
2022-07-21,1.2895
2022-07-22,1.2876
2022-07-25,1.2852
2022-07-26,1.2883
2022-07-27,1.2872
2022-07-28,1.2835
2022-07-29,1.2824
2022-08-02,1.2856
2022-08-03,1.2853
2022-08-04,1.2854
2022-08-05,1.2934
2022-08-08,1.2857
2022-08-09,1.2880
2022-08-10,1.2789
2022-08-11,1.2753
2022-08-12,1.2783
2022-08-15,1.2908
2022-08-16,1.2867
2022-08-17,1.2912
2022-08-18,1.2928
2022-08-19,1.2991
2022-08-22,1.3035
2022-08-23,1.2972
2022-08-24,1.2983
2022-08-25,1.2937
2022-08-26,1.2989
2022-08-29,1.3009
2022-08-30,1.3076
2022-08-31,1.3111
2022-09-01,1.3166
2022-09-02,1.3121
2022-09-06,1.3139
2022-09-07,1.3164
2022-09-08,1.3116
2022-09-09,1.3035