Date,Close/Last
09/02/2022,50.22
09/01/2022,50.53
08/31/2022,51.09
08/30/2022,51.29
08/29/2022,51.75
08/26/2022,51.9
08/25/2022,53.11
08/24/2022,52.42
08/23/2022,52.32
08/22/2022,52.18
08/19/2022,52.94
08/18/2022,53.66
08/17/2022,53.87
08/16/2022,54.25
08/15/2022,54.22
08/12/2022,54.525
08/11/2022,54.1
08/10/2022,54.02
08/09/2022,52.92
08/08/2022,53.2
08/05/2022,53.04
08/04/2022,53.3
08/03/2022,53.02
08/02/2022,52.68
08/01/2022,53.34
07/29/2022,53.49
07/28/2022,53
07/27/2022,52.68
07/26/2022,51.58
07/25/2022,52.19
07/22/2022,51.84
07/21/2022,52.1
07/20/2022,51.52
07/19/2022,51.8
07/18/2022,50.6
07/15/2022,50.28
07/14/2022,49.66
07/13/2022,50.34
07/12/2022,50.4
07/11/2022,50.47
07/08/2022,51.47
07/07/2022,51.43
07/06/2022,50.55
07/05/2022,50.64
07/01/2022,51.59
06/30/2022,51.61
06/29/2022,51.8
06/28/2022,52.13
06/27/2022,52.4
06/24/2022,52.46
06/23/2022,51.07
06/22/2022,51.14
06/21/2022,51.71
06/17/2022,51.43
06/16/2022,51.59
06/15/2022,52.96
06/14/2022,52.15
06/13/2022,52.27
06/10/2022,54.09
06/09/2022,55.19
06/08/2022,56.37
06/07/2022,56.83
06/06/2022,56.66
06/03/2022,56.41
06/02/2022,57.28
06/01/2022,56.16
05/31/2022,56.71
05/27/2022,56.66
05/26/2022,55.95
05/25/2022,55.29
05/24/2022,55.2
05/23/2022,55.64
05/20/2022,54.85
05/19/2022,54.54
05/18/2022,53.95
05/17/2022,55.22
05/16/2022,54.11
05/13/2022,54.12
05/12/2022,52.7
05/11/2022,52.9
05/10/2022,53.19
05/09/2022,52.92
05/06/2022,54.59
05/05/2022,55.16
05/04/2022,56.98
05/03/2022,56.17
05/02/2022,55.69
04/29/2022,55.86
04/28/2022,56.36
04/27/2022,55.54
04/26/2022,55.17
04/25/2022,56.62
04/22/2022,57.01
04/21/2022,57.91
04/20/2022,58.67
04/19/2022,58.46
04/18/2022,58.34
04/14/2022,58.56
04/13/2022,58.95
04/12/2022,58.26
04/11/2022,58.58
04/08/2022,59.28
04/07/2022,59.26
04/06/2022,59.3
04/05/2022,60.05
04/04/2022,60.88
04/01/2022,60.39
03/31/2022,59.74
03/30/2022,60.71
03/29/2022,60.92
03/28/2022,59.75
03/25/2022,59.86
03/24/2022,59.9
03/23/2022,59.49
03/22/2022,60.11
03/21/2022,59.47
03/18/2022,60.01
03/17/2022,59.32
03/16/2022,59.02
03/15/2022,56.57
03/14/2022,56.18
03/11/2022,56.26
03/10/2022,56.94
03/09/2022,57.66
03/08/2022,55.74
03/07/2022,55.42
03/04/2022,57.24
03/03/2022,58.6
03/02/2022,59.51
03/01/2022,58.89
02/28/2022,60.01
02/25/2022,60.79
02/24/2022,59.44
02/23/2022,60.21
02/22/2022,60.81
02/18/2022,61.54
02/17/2022,61.93
02/16/2022,62.8
02/15/2022,62.52
02/14/2022,61.4
02/11/2022,61.77
02/10/2022,62.63
02/09/2022,63.35
02/08/2022,62.33
02/07/2022,61.97
02/04/2022,61.88
02/03/2022,61.78
02/02/2022,62.62
02/01/2022,62.3
01/31/2022,61.77
01/28/2022,60.61
01/27/2022,60.32
01/26/2022,60.75
01/25/2022,61.14
01/24/2022,61.37
01/21/2022,62.09
01/20/2022,63
01/19/2022,63.18
01/18/2022,63.13
01/14/2022,64.08
01/13/2022,64.14
01/12/2022,64.7
01/11/2022,63.95
01/10/2022,63.05
01/07/2022,63.52
01/06/2022,63.24
01/05/2022,63.42
01/04/2022,64.06
01/03/2022,63.98
12/31/2021,63.57
12/30/2021,63.66
12/29/2021,63.57
12/28/2021,63.63
12/27/2021,63.7
12/23/2021,63.24
12/22/2021,62.89
12/21/2021,62.33
12/20/2021,61.51
12/17/2021,62.87
12/16/2021,63.54
12/15/2021,63.46
12/14/2021,62.94
12/13/2021,63.19
12/10/2021,63.97
12/09/2021,63.87
12/08/2021,64.35
12/07/2021,64.2
12/06/2021,62.99
12/03/2021,62.38
12/02/2021,62.83
12/01/2021,62.01
11/30/2021,62.31
11/29/2021,62.73
11/26/2021,62.46
11/24/2021,64.3
11/23/2021,64.56
11/22/2021,64.6
11/19/2021,65.01
11/18/2021,65.43
11/17/2021,65.61
11/16/2021,65.76
11/15/2021,65.9
11/12/2021,66.04
11/11/2021,65.66
11/10/2021,65.23
11/09/2021,65.89
11/08/2021,66.09
11/05/2021,65.88
11/04/2021,65.74
11/03/2021,65.81
11/02/2021,65.38
11/01/2021,65.71
10/29/2021,65.08
10/28/2021,65.63
10/27/2021,65.15
10/26/2021,65.5
10/25/2021,65.55
10/22/2021,65.48
10/21/2021,65.28
10/20/2021,65.67
10/19/2021,65.5
10/18/2021,64.98
10/15/2021,65.18
10/14/2021,64.62
10/13/2021,64.08
10/12/2021,63.36
10/11/2021,63.4
10/08/2021,63.59
10/07/2021,63.51
10/06/2021,62.79
10/05/2021,63.16
10/04/2021,62.78
10/01/2021,63.44
09/30/2021,63.26
09/29/2021,63.31
09/28/2021,63.58
09/27/2021,64.83
09/24/2021,64.73
09/23/2021,65.35
09/22/2021,64.7
09/21/2021,64.19
09/20/2021,63.62
09/17/2021,65.34
09/16/2021,66.05
09/15/2021,66.37
09/14/2021,66.21
09/13/2021,66.55
09/10/2021,66.12
09/09/2021,66.24
09/08/2021,66.3
09/07/2021,66.98
09/03/2021,67
09/02/2021,66.65
09/01/2021,66.47
08/31/2021,65.89
08/30/2021,65.66
08/27/2021,65.64
08/26/2021,64.93
08/25/2021,65.37
08/24/2021,65.31
08/23/2021,64.72
08/20/2021,64.03
08/19/2021,63.86
08/18/2021,64.62
08/17/2021,64.75
08/16/2021,65.55
08/13/2021,65.99
08/12/2021,65.77
08/11/2021,65.99
08/10/2021,65.59
08/09/2021,65.47
08/06/2021,65.46
08/05/2021,65.77
08/04/2021,65.58
08/03/2021,65.64
08/02/2021,65.21
07/30/2021,64.94
07/29/2021,65.32
07/28/2021,64.92
07/27/2021,64.23
07/26/2021,64.8
07/23/2021,65.07
07/22/2021,65
07/21/2021,64.92
07/20/2021,64.1
07/19/2021,63.73
07/16/2021,64.83
07/15/2021,65.33
07/14/2021,65.67
07/13/2021,65.56
07/12/2021,65.75
07/09/2021,65.61
07/08/2021,64.5
07/07/2021,65.5
07/06/2021,65.29
07/02/2021,65.83
07/01/2021,65.74
06/30/2021,65.68
06/29/2021,66.12
06/28/2021,66.14
06/25/2021,66.41
06/24/2021,66.11
06/23/2021,65.52
06/22/2021,65.72
06/21/2021,65.73
06/18/2021,65.49
06/17/2021,66.55
06/16/2021,66.86
06/15/2021,67.44
06/14/2021,67.5
06/11/2021,67.42
06/10/2021,67.34
06/09/2021,67.04
06/08/2021,67.27
06/07/2021,67.38
06/04/2021,67.33
06/03/2021,66.69
06/02/2021,67.2
06/01/2021,67.05
05/28/2021,66.42
05/27/2021,66.27
05/26/2021,66.12
05/25/2021,65.97
05/24/2021,65.79
05/21/2021,65.32
05/20/2021,65.5
05/19/2021,64.8
05/18/2021,65.26
05/17/2021,64.87
05/14/2021,64.97
05/13/2021,63.9
05/12/2021,63.56
05/11/2021,64.83
05/10/2021,65.54
05/07/2021,66.08
05/06/2021,65.31
05/05/2021,64.81
05/04/2021,64.15
05/03/2021,64.99
04/30/2021,64.44
04/29/2021,65.36
04/28/2021,65.37
04/27/2021,65.1
04/26/2021,65.2
04/23/2021,65.12
04/22/2021,64.39
04/21/2021,64.66
04/20/2021,64.05
04/19/2021,64.95
04/16/2021,65.15
04/15/2021,64.72
04/14/2021,64.28
04/13/2021,64.11
04/12/2021,63.74
04/09/2021,64.12
04/08/2021,64.13
04/07/2021,63.73
04/06/2021,63.88
04/05/2021,64.25
04/01/2021,63.55
03/31/2021,62.7
03/30/2021,62.72
03/29/2021,62.7
03/26/2021,63.05
03/25/2021,62.03
03/24/2021,61.63
03/23/2021,62.3
03/22/2021,63.26
03/19/2021,63.42
03/18/2021,63.1
03/17/2021,63.85
03/16/2021,63.59
03/15/2021,63.44
03/12/2021,63.31
03/11/2021,63.51
03/10/2021,62.63
03/09/2021,62.46
03/08/2021,61.51
03/05/2021,62.16
03/04/2021,61.7
03/03/2021,62.5
03/02/2021,62.8
03/01/2021,63.05
02/26/2021,61.7
02/25/2021,62.57
02/24/2021,63.72
02/23/2021,63.7
02/22/2021,63.54
02/19/2021,64.22
02/18/2021,63.86
02/17/2021,64.4
02/16/2021,64.68
02/12/2021,64.39
02/11/2021,64.08
02/10/2021,63.6
02/09/2021,63.68
02/08/2021,63.25
02/05/2021,62.86
02/04/2021,62.43
02/03/2021,62.37
02/02/2021,62.14
02/01/2021,61.4
01/29/2021,60.31
01/28/2021,61.74
01/27/2021,61.31
01/26/2021,62.77
01/25/2021,62.89
01/22/2021,62.8
01/21/2021,63.23
01/20/2021,63.15
01/19/2021,62.47
01/15/2021,61.85
01/14/2021,62.81
01/13/2021,62.26
01/12/2021,62.27
01/11/2021,61.95
01/08/2021,62.78
01/07/2021,61.99
01/06/2021,61.73
01/05/2021,61.4
01/04/2021,60.52
12/31/2020,60.16
12/30/2020,60.55
12/29/2020,60.22
12/28/2020,59.72
12/24/2020,59.36
12/23/2020,59.33
12/22/2020,58.78
12/21/2020,58.95
12/18/2020,60.28
12/17/2020,60.52
12/16/2020,60.1
12/15/2020,59.95
12/14/2020,59.31
12/11/2020,59.3
12/10/2020,59.59
12/09/2020,59.33
12/08/2020,59.4
12/07/2020,59.25
12/04/2020,59.55
12/03/2020,59.01
12/02/2020,58.74
12/01/2020,58.7
11/30/2020,57.4
11/27/2020,58.68
11/25/2020,58.25
11/24/2020,58.45
11/23/2020,57.6
11/20/2020,57.52
11/19/2020,57.34
11/18/2020,57.01
11/17/2020,57.28
11/16/2020,57.28
11/13/2020,56.57
11/12/2020,55.79
11/11/2020,56.55
11/10/2020,56.16
11/09/2020,55.98
11/06/2020,54.83
11/05/2020,54.66
11/04/2020,53.5
11/03/2020,52.68
11/02/2020,51.68
10/30/2020,50.97
10/29/2020,51.39
10/28/2020,51.08
10/27/2020,52.58
10/26/2020,52.77
10/23/2020,53.67
10/22/2020,53.37
10/21/2020,53.36
10/20/2020,53.51
10/19/2020,53.11
10/16/2020,53.35
10/15/2020,53.13
10/14/2020,53.69
10/13/2020,53.87
10/12/2020,54.34
10/09/2020,54.02
10/08/2020,53.65
10/07/2020,53.28
10/06/2020,52.75
10/05/2020,53.13
10/02/2020,52.36
10/01/2020,52.59
09/30/2020,52.17
09/29/2020,52.12
09/28/2020,52.19
09/25/2020,51.49
09/24/2020,51.3
09/23/2020,51.39
09/22/2020,52.02
09/21/2020,52.12
09/18/2020,53.47
09/17/2020,53.87
09/16/2020,53.89
09/15/2020,53.97
09/14/2020,53.6
09/11/2020,53.14
09/10/2020,52.65
09/09/2020,53.31
09/08/2020,52.42
09/04/2020,53.18
09/03/2020,53.07
09/02/2020,54.25
09/01/2020,53.8
08/31/2020,53.48
08/28/2020,54.1
08/27/2020,53.61
08/26/2020,54.08
08/25/2020,53.8
08/24/2020,53.6
08/21/2020,52.99
08/20/2020,53.11
08/19/2020,53.25
08/18/2020,53.58
08/17/2020,53.6
08/14/2020,53.1
08/13/2020,53.36
08/12/2020,53.59
08/11/2020,52.63
08/10/2020,52.51
08/07/2020,52.35
08/06/2020,52.82
08/05/2020,52.66
08/04/2020,52.35
08/03/2020,51.95
07/31/2020,51.21
07/30/2020,51.98
07/29/2020,52.64
07/28/2020,51.98
07/27/2020,52.35
07/24/2020,51.61
07/23/2020,51.8
07/22/2020,52.2
07/21/2020,52.18
07/20/2020,51.89
07/17/2020,51.54
07/16/2020,51.25
07/15/2020,51.71
07/14/2020,51.26
07/13/2020,50.69
07/10/2020,51.02
07/09/2020,50.76
07/08/2020,51.21
07/07/2020,50.56
07/06/2020,51.27
07/02/2020,50.15
07/01/2020,49.42
06/30/2020,49.17
06/29/2020,49.26
06/26/2020,48.87
06/25/2020,49.52
06/24/2020,49.02
06/23/2020,50.1
06/22/2020,49.8
06/19/2020,49.42
06/18/2020,49.62
06/17/2020,49.73
06/16/2020,49.6
06/15/2020,49.04
06/12/2020,48.99
06/11/2020,48.06
06/10/2020,50.8
06/09/2020,50.86
06/08/2020,51.42
06/05/2020,50.83
06/04/2020,49.86
06/03/2020,50.21
06/02/2020,49.15
06/01/2020,48.43
05/29/2020,47.41
05/28/2020,47.35
05/27/2020,47.14
05/26/2020,46.71
05/22/2020,45.45
05/21/2020,45.78
05/20/2020,46.24
05/19/2020,45.47
05/18/2020,45.94
05/15/2020,44.22
05/14/2020,44.37
05/13/2020,44.56
05/12/2020,44.89
05/11/2020,45.35
05/08/2020,45.39
05/07/2020,44.65
05/06/2020,44.11
05/05/2020,44.29
05/04/2020,44.13
05/01/2020,44.06
04/30/2020,45.15
04/29/2020,46.07
04/28/2020,44.89
04/27/2020,44.57
04/24/2020,43.95
04/23/2020,43.59
04/22/2020,43.69
04/21/2020,42.82
04/20/2020,43.76
04/17/2020,44.4
04/16/2020,43.27
04/15/2020,43.26
04/14/2020,44.51
04/13/2020,43.74
04/09/2020,43.9
04/08/2020,43.21
04/07/2020,42.79
04/06/2020,42.5
04/03/2020,40.43
04/02/2020,41.29
04/01/2020,40.36
03/31/2020,41.96
03/30/2020,42.18
03/27/2020,41.41
03/26/2020,42.89
03/25/2020,41.27
03/24/2020,39.83
03/23/2020,36.75
03/20/2020,37.62
03/19/2020,37.75
03/18/2020,37.33
03/17/2020,40.05
03/16/2020,38.08
03/13/2020,42.85
03/12/2020,40.29
03/11/2020,45.14
03/10/2020,47.5
03/09/2020,45.73
03/06/2020,49.65
03/05/2020,50.4
03/04/2020,51.64
03/03/2020,50.34
03/02/2020,50.8
02/28/2020,50.25
02/27/2020,50.44
02/26/2020,51.92
02/25/2020,51.82
02/24/2020,52.54
02/21/2020,54.56
02/20/2020,54.85
02/19/2020,55.3
02/18/2020,55.04
02/14/2020,55.38
02/13/2020,55.41
02/12/2020,55.84
02/11/2020,55.44
02/10/2020,55.04
02/07/2020,54.93
02/06/2020,55.48
02/05/2020,55.35
02/04/2020,54.85
02/03/2020,53.9
01/31/2020,53.8
01/30/2020,54.7
01/29/2020,54.9
01/28/2020,54.87
01/27/2020,54.46
01/24/2020,55.68
01/23/2020,56
01/22/2020,56.2
01/21/2020,56.02
01/17/2020,56.64
01/16/2020,56.46
01/15/2020,56.16
01/14/2020,56.31
01/13/2020,56.3
01/10/2020,55.88
01/09/2020,55.95
01/08/2020,55.7
01/07/2020,55.6
01/06/2020,55.7
01/03/2020,55.62
01/02/2020,56.31
12/31/2019,55.69
12/30/2019,55.47
12/27/2019,55.9
12/26/2019,55.63
12/24/2019,55.39
12/23/2019,55.38
12/20/2019,55.92
12/19/2019,55.9
12/18/2019,55.93
12/17/2019,55.89
12/16/2019,55.96
12/13/2019,55.43
12/12/2019,55.2
12/11/2019,54.66
12/10/2019,54.3
12/09/2019,54.2
12/06/2019,54.48
12/05/2019,54.02
12/04/2019,54.02
12/03/2019,53.56
12/02/2019,53.74
11/29/2019,53.96
11/27/2019,54.44
11/26/2019,54.32
11/25/2019,54.32
11/22/2019,53.92
11/21/2019,53.81
11/20/2019,53.91
11/19/2019,54.19
11/18/2019,54.23
11/15/2019,54.2
11/14/2019,53.84
11/13/2019,53.9
11/12/2019,54.1
11/11/2019,54.16
11/08/2019,54.34
11/07/2019,54.47
11/06/2019,54.26
11/05/2019,54.35
11/04/2019,54.26
11/01/2019,53.95
10/31/2019,53.43
10/30/2019,53.6
10/29/2019,53.4
10/28/2019,53.49
10/25/2019,53.26
10/24/2019,53.15
10/23/2019,53.06
10/22/2019,52.87
10/21/2019,52.92
10/18/2019,52.6
10/17/2019,52.7
10/16/2019,52.56
10/15/2019,52.45
10/14/2019,51.91
10/11/2019,52.12
10/10/2019,51.3
10/09/2019,50.92
10/08/2019,50.52
10/07/2019,50.95
10/04/2019,51.12
10/03/2019,50.78
10/02/2019,50.39
10/01/2019,51.19
09/30/2019,51.66
09/27/2019,51.46
09/26/2019,51.77
09/25/2019,51.72
09/24/2019,51.76
09/23/2019,52.34
09/20/2019,52.4
09/19/2019,52.45
09/18/2019,52.37
09/17/2019,52.47
09/16/2019,52.31
09/13/2019,52.73
09/12/2019,52.43
09/11/2019,52.13
09/10/2019,51.84
09/09/2019,51.75
09/06/2019,51.69
09/05/2019,51.53
09/04/2019,51.14
09/03/2019,50.38
08/30/2019,50.58
08/29/2019,50.31
08/28/2019,49.9
08/27/2019,49.8
08/26/2019,49.85
08/23/2019,49.47
08/22/2019,50.15
08/21/2019,50.34
08/20/2019,49.96
08/19/2019,50.06
08/16/2019,49.82
08/15/2019,49.2
08/14/2019,49.02
08/13/2019,50.44
08/12/2019,49.89
08/09/2019,50.38
08/08/2019,50.77
08/07/2019,50.19
08/06/2019,49.97
08/05/2019,49.55
08/02/2019,50.94
08/01/2019,51.32
07/31/2019,51.7
07/30/2019,52.1
07/29/2019,52.67
07/26/2019,52.65
07/25/2019,52.51
07/24/2019,53
07/23/2019,53
07/22/2019,52.77
07/19/2019,52.69
07/18/2019,52.86
07/17/2019,52.69
07/16/2019,52.79
07/15/2019,52.96
07/12/2019,52.87
07/11/2019,52.83
07/10/2019,52.8
07/09/2019,52.56
07/08/2019,52.76
07/05/2019,53.09
07/03/2019,53.44
07/02/2019,53.25
07/01/2019,53.06
06/28/2019,52.75
06/27/2019,52.55
06/26/2019,52.38
06/25/2019,52.22
06/24/2019,52.59
06/21/2019,52.54
06/20/2019,53.36
06/19/2019,52.8
06/18/2019,52.45
06/17/2019,51.63
06/14/2019,51.58
06/13/2019,52
06/12/2019,51.94
06/11/2019,52.4
06/10/2019,52.06
06/07/2019,51.85
06/06/2019,51.26
06/05/2019,51.14
06/04/2019,51.26
06/03/2019,50.76
05/31/2019,50.45
05/30/2019,50.71
05/29/2019,50.53
05/28/2019,50.7
05/24/2019,51.02
05/23/2019,50.61
05/22/2019,51.13
05/21/2019,51.3
05/20/2019,50.96
05/17/2019,51.16
05/16/2019,51.59
05/15/2019,51.35
05/14/2019,51.19
05/13/2019,50.68
05/10/2019,51.98
05/09/2019,51.6
05/08/2019,52.02
05/07/2019,51.97
05/06/2019,52.87
05/03/2019,53.52
05/02/2019,52.98
05/01/2019,53.06
04/30/2019,53.34
04/29/2019,53.35
04/26/2019,53.22
04/25/2019,52.94
04/24/2019,53.03
04/23/2019,53.54
04/22/2019,53.41
04/18/2019,53.51
04/17/2019,53.55
04/16/2019,53.49
04/15/2019,53.29
04/12/2019,53.34
04/11/2019,52.94
04/10/2019,53.12
04/09/2019,52.96
04/08/2019,53.13
04/05/2019,53.14
04/04/2019,53
04/03/2019,52.95
04/02/2019,52.62
04/01/2019,52.57
03/29/2019,51.9
03/28/2019,51.62
03/27/2019,51.59
03/26/2019,51.75
03/25/2019,51.45
03/22/2019,51.57
03/21/2019,52.7
03/20/2019,52.69
03/19/2019,52.68
03/18/2019,52.63
03/15/2019,52.33
03/14/2019,51.8
03/13/2019,51.88
03/12/2019,51.56
03/11/2019,51.48
03/08/2019,50.88
03/07/2019,50.99
03/06/2019,51.68
03/05/2019,51.85
03/04/2019,51.75
03/01/2019,51.81
02/28/2019,51.67
02/27/2019,51.88
02/26/2019,52.13
02/25/2019,51.95
02/22/2019,51.72
02/21/2019,51.4
02/20/2019,51.56
02/19/2019,51.32
02/15/2019,51.05
02/14/2019,50.54
02/13/2019,50.52
02/12/2019,50.59
02/11/2019,50.06
02/08/2019,50.16
02/07/2019,50.35
02/06/2019,51.02
02/05/2019,51.38
02/04/2019,50.93
02/01/2019,50.76
01/31/2019,50.84
01/30/2019,50.73
01/29/2019,50.13
01/28/2019,50.03
01/25/2019,50.3
01/24/2019,49.75
01/23/2019,49.57
01/22/2019,49.27
01/18/2019,50.03
01/17/2019,49.63
01/16/2019,49.41
01/15/2019,49.21
01/14/2019,48.9
01/11/2019,49.11
01/10/2019,49.43
01/09/2019,49.27
01/08/2019,48.62
01/07/2019,48.27
01/04/2019,48.12
01/03/2019,46.6
01/02/2019,47.13
12/31/2018,47.22
12/28/2018,47.11
12/27/2018,46.85
12/26/2018,46.84
12/24/2018,45.72
12/21/2018,46.7
12/20/2018,47.43
12/19/2018,47.49
12/18/2018,48.04
12/17/2018,47.98
12/14/2018,48.39
12/13/2018,49.07
12/12/2018,49.14
12/11/2018,48.38
12/10/2018,48.22
12/07/2018,48.64
12/06/2018,49.28
12/04/2018,49.69
12/03/2018,50.93
11/30/2018,50.21
11/29/2018,50.36
11/28/2018,50.61
11/27/2018,49.75
11/26/2018,49.87
11/23/2018,49.22
11/21/2018,49.53
11/20/2018,48.78
11/19/2018,49.79
11/16/2018,50.22
11/15/2018,50.22
11/14/2018,49.86
11/13/2018,49.71
11/12/2018,49.45
11/09/2018,50.25
11/08/2018,50.78
11/07/2018,51.36
11/06/2018,50.68
11/05/2018,50.57
11/02/2018,50.56
11/01/2018,50.28
10/31/2018,49.38
10/30/2018,48.97
10/29/2018,48.39
10/26/2018,48.67
10/25/2018,49.08
10/24/2018,48.46
10/23/2018,49.85
10/22/2018,50.38
10/19/2018,50.46
10/18/2018,50.17
10/17/2018,51.02
10/16/2018,51.45
10/15/2018,50.48
10/12/2018,50.69
10/11/2018,50.22
10/10/2018,50.9
10/09/2018,52.16
10/08/2018,52.34
10/05/2018,52.54
10/04/2018,52.82
10/03/2018,53.56
10/02/2018,53.76
10/01/2018,54.09
09/28/2018,54
09/27/2018,54.39
09/26/2018,54.45
09/25/2018,54.69
09/24/2018,54.38
09/21/2018,54.72
09/20/2018,54.69
09/19/2018,54.13
09/18/2018,53.82
09/17/2018,53.28
09/14/2018,53.32
09/13/2018,53.33
09/12/2018,52.86
09/11/2018,52.66
09/10/2018,52.58
09/07/2018,52.52
09/06/2018,52.9
09/05/2018,53.01
09/04/2018,53.5
08/31/2018,54.15
08/30/2018,54.38
08/29/2018,55.07
08/28/2018,54.82
08/27/2018,54.92
08/24/2018,54.21
08/23/2018,53.71
08/22/2018,54.22
08/21/2018,53.94
08/20/2018,53.55
08/17/2018,53.31
08/16/2018,52.96
08/15/2018,52.65
08/14/2018,53.52
08/13/2018,53.42
08/10/2018,53.83
08/09/2018,54.87
08/08/2018,55.02
08/07/2018,55.01
08/06/2018,54.7
08/03/2018,54.94
08/02/2018,54.81
08/01/2018,55.23
07/31/2018,55.48
07/30/2018,55.42
07/27/2018,55.39
07/26/2018,55.31
07/25/2018,55.6
07/24/2018,55.03
07/23/2018,54.62
07/20/2018,54.8
07/19/2018,54.38
07/18/2018,54.66
07/17/2018,54.67
07/16/2018,54.49
07/13/2018,54.6
07/12/2018,54.43
07/11/2018,53.97
07/10/2018,54.87
07/09/2018,54.87
07/06/2018,54.29
07/05/2018,54
07/03/2018,53.65
07/02/2018,53.53
06/29/2018,54.1
06/28/2018,53.6
06/27/2018,53.33
06/26/2018,54
06/25/2018,53.93
06/22/2018,54.68
06/21/2018,54.7
06/20/2018,55.21
06/19/2018,55.05
06/18/2018,55.63
06/15/2018,56.07
06/14/2018,56.45
06/13/2018,56.66
06/12/2018,56.7
06/11/2018,56.94
06/08/2018,56.69
06/07/2018,56.61
06/06/2018,57.06
06/05/2018,56.48
06/04/2018,56.6
06/01/2018,56.39
05/31/2018,55.88
05/30/2018,56.09
05/29/2018,55.37
05/25/2018,56.48
05/24/2018,56.69
05/23/2018,56.89
05/22/2018,57.38
05/21/2018,57.4
05/18/2018,57.02
05/17/2018,57.27
05/16/2018,57.4
05/15/2018,57.12
05/14/2018,57.66
05/11/2018,57.6
05/10/2018,57.53
05/09/2018,56.94
05/08/2018,56.88
05/07/2018,56.73
05/04/2018,56.82
05/03/2018,56.65
05/02/2018,56.53
05/01/2018,56.68
04/30/2018,56.81
04/27/2018,57.09
04/26/2018,56.95
04/25/2018,56.54
04/24/2018,56.72
04/23/2018,56.96
04/20/2018,57.13
04/19/2018,57.49
04/18/2018,57.74
04/17/2018,57.41
04/16/2018,57.16
04/13/2018,57.05
04/12/2018,57.14
04/11/2018,56.98
04/10/2018,57.15
04/09/2018,56.48
04/06/2018,56.06
04/05/2018,56.65
04/04/2018,56.28
04/03/2018,56.19
04/02/2018,55.67
03/29/2018,56.55
03/28/2018,55.92
03/27/2018,55.73
03/26/2018,56.34
03/23/2018,55.35
03/22/2018,55.99
03/21/2018,57.23
03/20/2018,57.07
03/19/2018,56.89
03/16/2018,57.39
03/15/2018,57.5
03/14/2018,57.58
03/13/2018,57.43
03/12/2018,57.84
03/09/2018,57.74
03/08/2018,57.2
03/07/2018,57.08
03/06/2018,57.14
03/05/2018,56.71
03/02/2018,56.48
03/01/2018,56.32
02/28/2018,56.91
02/27/2018,57.56
02/26/2018,58.56
02/23/2018,58.12
02/22/2018,57.49
02/21/2018,57.23
02/20/2018,57.37
02/16/2018,58
02/15/2018,57.92
02/14/2018,57.41
02/13/2018,56.4
02/12/2018,56.4
02/09/2018,55.62
02/08/2018,55.1
02/07/2018,56.66
02/06/2018,57.7
02/05/2018,56.34
02/02/2018,58.7
02/01/2018,60.01
01/31/2018,60.06
01/30/2018,59.97
01/29/2018,60.54
01/26/2018,61.17
01/25/2018,60.57
01/24/2018,60.79
01/23/2018,60.53
01/22/2018,60.29
01/19/2018,59.96
01/18/2018,59.69
01/17/2018,59.76
01/16/2018,59.35
01/12/2018,59.41
01/11/2018,58.84
01/10/2018,58.47
01/09/2018,58.67
01/08/2018,58.62
01/05/2018,58.65
01/04/2018,58.26
01/03/2018,57.78
01/02/2018,57.38
12/29/2017,56.81
12/28/2017,56.7
12/27/2017,56.6
12/26/2017,56.5
12/22/2017,56.47
12/21/2017,56.3
12/20/2017,56.56
12/19/2017,56.57
12/18/2017,56.74
12/15/2017,56.1
12/14/2017,56.13
12/13/2017,56.39
12/12/2017,56.08
12/11/2017,56.1
12/08/2017,55.98
12/07/2017,55.64
12/06/2017,55.5
12/05/2017,55.82
12/04/2017,55.9
12/01/2017,56.1
11/30/2017,56.19
11/29/2017,56.22
11/28/2017,56.61
11/27/2017,56.27
11/24/2017,56.69
11/22/2017,56.39
11/21/2017,56.23
11/20/2017,55.78
11/17/2017,55.69
11/16/2017,55.74
11/15/2017,55.11
11/14/2017,55.42
11/13/2017,55.48
11/10/2017,55.73
11/09/2017,55.88
11/08/2017,56.22
11/07/2017,56.01
11/06/2017,56.22
11/03/2017,56.03
11/02/2017,56.14
11/01/2017,56.02
10/31/2017,55.84
10/30/2017,55.58
10/27/2017,55.55
10/26/2017,55.33
10/25/2017,55.41
10/24/2017,55.61
10/23/2017,55.51
10/20/2017,55.66
10/19/2017,55.69
10/18/2017,55.92
10/17/2017,55.78
10/16/2017,55.93
10/13/2017,55.99
10/12/2017,55.62
10/11/2017,55.67
10/10/2017,55.42
10/09/2017,54.94
10/06/2017,54.95
10/05/2017,55.02
10/04/2017,55
10/03/2017,55.04
10/02/2017,54.73
09/29/2017,54.73
09/28/2017,54.42
09/27/2017,54.29
09/26/2017,54.34
09/25/2017,54.49
09/22/2017,54.84
09/21/2017,54.79
09/20/2017,54.89
09/19/2017,55.28
09/18/2017,55.09
09/15/2017,55
09/14/2017,54.86
09/13/2017,54.74
09/12/2017,54.99
09/11/2017,54.96
09/08/2017,54.49
09/07/2017,54.54
09/06/2017,54.13
09/05/2017,53.75
09/01/2017,54.16
08/31/2017,54.01
08/30/2017,53.6
08/29/2017,53.63
08/28/2017,53.85
08/25/2017,53.88
08/24/2017,53.54
08/23/2017,53.53
08/22/2017,53.44
08/21/2017,53.23
08/18/2017,53.12
08/17/2017,52.94
08/16/2017,53.59
08/15/2017,53.2
08/14/2017,53.31
08/11/2017,52.91
08/10/2017,52.9
08/09/2017,53.76
08/08/2017,53.92
08/07/2017,54.12
08/04/2017,54.06
08/03/2017,53.96
08/02/2017,54.05
08/01/2017,54.06
07/31/2017,53.72
07/28/2017,53.62
07/27/2017,53.62
07/26/2017,53.77
07/25/2017,53.48
07/24/2017,53.42
07/21/2017,53.42
07/20/2017,53.65
07/19/2017,53.45
07/18/2017,53.17
07/17/2017,53.03
07/14/2017,53.23
07/13/2017,52.76
07/12/2017,52.56
07/11/2017,52.06
07/10/2017,51.88
07/07/2017,51.72
07/06/2017,51.66
07/05/2017,51.97
07/03/2017,52.01
06/30/2017,51.97
06/29/2017,51.86
06/28/2017,52.4
06/27/2017,51.9
06/26/2017,52.02
06/23/2017,51.87
06/22/2017,51.74
06/21/2017,51.56
06/20/2017,52.2
06/19/2017,52.71
06/16/2017,52.48
06/15/2017,52.11
06/14/2017,52.63
06/13/2017,52.7
06/12/2017,52.27
06/09/2017,52.45
06/08/2017,52.69
06/07/2017,52.74
06/06/2017,52.72
06/05/2017,52.83
06/02/2017,53.04
06/01/2017,52.59
05/31/2017,52.2
05/30/2017,52.22
05/26/2017,52.33
05/25/2017,52.38
05/24/2017,52.36
05/23/2017,52.26
05/22/2017,52.26
05/19/2017,52.19
05/18/2017,51.48
05/17/2017,51.6
05/16/2017,52.29
05/15/2017,52.09
05/12/2017,51.73
05/11/2017,51.46
05/10/2017,51.57
05/09/2017,51.4
05/08/2017,51.43
05/05/2017,51.7
05/04/2017,51.21
05/03/2017,51.08
05/02/2017,51.23
05/01/2017,50.93
04/28/2017,50.7
04/27/2017,50.7
04/26/2017,50.77
04/25/2017,50.89
04/24/2017,50.59
04/21/2017,49.54
04/20/2017,49.56
04/19/2017,49.11
04/18/2017,49.33
04/17/2017,49.67
04/13/2017,49.27
04/12/2017,49.55
04/11/2017,49.54
04/10/2017,49.4
04/07/2017,49.44
04/06/2017,49.49
04/05/2017,49.49
04/04/2017,49.71
04/03/2017,49.67
03/31/2017,49.68
03/30/2017,49.82
03/29/2017,50.02
03/28/2017,49.96
03/27/2017,49.8
03/24/2017,49.73
03/23/2017,49.71
03/22/2017,49.6
03/21/2017,49.51
03/20/2017,49.86
03/17/2017,49.76
03/16/2017,49.77
03/15/2017,49.48
03/14/2017,48.69
03/13/2017,49.03
03/10/2017,48.76
03/09/2017,48.31
03/08/2017,48.25
03/07/2017,48.54
03/06/2017,48.65
03/03/2017,48.77
03/02/2017,48.53
03/01/2017,48.95
02/28/2017,48.39
02/27/2017,48.56
02/24/2017,48.6
02/23/2017,48.99
02/22/2017,48.94
02/21/2017,48.93
02/17/2017,48.65
02/16/2017,48.86
02/15/2017,48.82
02/14/2017,48.55
02/13/2017,48.59
02/10/2017,48.4
02/09/2017,48.14
02/08/2017,48.01
02/07/2017,47.86
02/06/2017,47.91
02/03/2017,48.19
02/02/2017,47.97
02/01/2017,47.91
01/31/2017,47.75
01/30/2017,47.64
01/27/2017,47.95
01/26/2017,48.06
01/25/2017,48.21
01/24/2017,47.71
01/23/2017,47.52
01/20/2017,47.3
01/19/2017,47.11
01/18/2017,47.15
01/17/2017,47.4
01/13/2017,47.52
01/12/2017,47.38
01/11/2017,47.31
01/10/2017,46.96
01/09/2017,46.88
01/06/2017,46.97
01/05/2017,47.07
01/04/2017,46.72
01/03/2017,46.21
12/30/2016,45.88
12/29/2016,45.8
12/28/2016,45.55
12/27/2016,45.58
12/23/2016,45.57
12/22/2016,45.44
12/21/2016,45.66
12/20/2016,45.73
12/19/2016,45.98
12/16/2016,46.03
12/15/2016,46.12
12/14/2016,46.15
12/13/2016,47
12/12/2016,46.54
12/09/2016,46.81
12/08/2016,46.67
12/07/2016,46.64
12/06/2016,45.98
12/05/2016,45.74
12/02/2016,45.38
12/01/2016,45.26
11/30/2016,45.38
11/29/2016,45.42
11/28/2016,45.2
11/25/2016,45.37
11/23/2016,45.19
11/22/2016,45.4
11/21/2016,45.18
11/18/2016,44.78
11/17/2016,45.16
11/16/2016,44.88
11/15/2016,45.35
11/14/2016,44.91
11/11/2016,45.19
11/10/2016,45.66
11/09/2016,45.96
11/08/2016,46.27
11/07/2016,46.12
11/04/2016,45.26
11/03/2016,45.7
11/02/2016,45.74
11/01/2016,46.13
10/31/2016,46.31
10/28/2016,46.27
10/27/2016,46.32
10/26/2016,46.43
10/25/2016,46.69
10/24/2016,46.74
10/21/2016,46.69
10/20/2016,46.75
10/19/2016,46.77
10/18/2016,46.61
10/17/2016,46.06
10/14/2016,46.15
10/13/2016,46.07
10/12/2016,46.26
10/11/2016,46.32
10/10/2016,47.06
10/07/2016,46.85
10/06/2016,47.15
10/05/2016,47.35
10/04/2016,47.01
10/03/2016,47.18
09/30/2016,47.21
09/29/2016,46.96
09/28/2016,47.5
09/27/2016,47.09
09/26/2016,46.8
09/23/2016,47.24
09/22/2016,47.74
09/21/2016,47.27
09/20/2016,46.36
09/19/2016,46.22
09/16/2016,45.91
09/15/2016,46.4
09/14/2016,45.95
09/13/2016,45.91
09/12/2016,47.34
09/09/2016,46.95
09/08/2016,48.02
09/07/2016,48.09
09/06/2016,48.03
09/02/2016,47.54
09/01/2016,47
08/31/2016,46.7
08/30/2016,46.94
08/29/2016,47.07
08/26/2016,46.89
08/25/2016,47.23
08/24/2016,47.32
08/23/2016,47.43
08/22/2016,47.29
08/19/2016,47.35
08/18/2016,47.67
08/17/2016,47.42
08/16/2016,47.42
08/15/2016,47.59
08/12/2016,47.3
08/11/2016,47.47
08/10/2016,47.09
08/09/2016,47
08/08/2016,46.64
08/05/2016,46.47
08/04/2016,46.26
08/03/2016,46.01
08/02/2016,46.09
08/01/2016,46.27
07/29/2016,46.49
07/28/2016,46.04
07/27/2016,46.05
07/26/2016,45.83
07/25/2016,45.64
07/22/2016,45.79
07/21/2016,45.72
07/20/2016,45.76
07/19/2016,45.4
07/18/2016,45.82
07/15/2016,45.66
07/14/2016,45.85
07/13/2016,45.46
07/12/2016,45.47
07/11/2016,44.85
07/08/2016,44.31
07/07/2016,43.56
07/06/2016,43.74
07/05/2016,43.83
07/01/2016,44.6
06/30/2016,44.48
06/29/2016,43.95
06/28/2016,43.1
06/27/2016,42.05
06/24/2016,42.82
06/23/2016,46.41
06/22/2016,45.22
06/21/2016,45.23
06/20/2016,44.93
06/17/2016,43.92
06/16/2016,43.59
06/15/2016,43.63
06/14/2016,43.29
06/13/2016,44.35
06/10/2016,44.99
06/09/2016,46.23
06/08/2016,46.85
06/07/2016,46.68
06/06/2016,46.29
06/03/2016,45.95
06/02/2016,45.54
06/01/2016,45.45
05/31/2016,45.44
05/27/2016,45.56
05/26/2016,45.66
05/25/2016,45.55
05/24/2016,45.08
05/23/2016,44.48
05/20/2016,44.64
05/19/2016,44.28
05/18/2016,44.62
05/17/2016,44.69
05/16/2016,45.03
05/13/2016,44.38
05/12/2016,44.99
05/11/2016,44.99
05/10/2016,45.29
05/09/2016,44.56
05/06/2016,44.8
05/05/2016,44.68
05/04/2016,44.74
05/03/2016,45.26
05/02/2016,46.19
04/29/2016,45.89
04/28/2016,46.04
04/27/2016,46.58
04/26/2016,46.44
04/25/2016,46.25
04/22/2016,46.48
04/21/2016,46.51
04/20/2016,46.81
04/19/2016,46.91
04/18/2016,46.07
04/15/2016,45.72
04/14/2016,45.83
04/13/2016,45.88
04/12/2016,45.21
04/11/2016,44.47
04/08/2016,44.39
04/07/2016,43.5
04/06/2016,44.18
04/05/2016,43.51
04/04/2016,44.28
04/01/2016,44.47
03/31/2016,44.92
03/30/2016,45.27
03/29/2016,44.82
03/28/2016,44.36
03/24/2016,44.07
03/23/2016,44.31
03/22/2016,44.89
03/21/2016,44.98
03/18/2016,44.93
03/17/2016,45
03/16/2016,44.52
03/15/2016,43.92
03/14/2016,44.55
03/11/2016,44.79
03/10/2016,43.67
03/09/2016,43.75
03/08/2016,43.44
03/07/2016,44.05
03/04/2016,44.11
03/03/2016,43.65
03/02/2016,43.19
03/01/2016,42.78
02/29/2016,41.6
02/26/2016,41.75
02/25/2016,41.87
02/24/2016,41.44
02/23/2016,41.54
02/22/2016,42.17
02/19/2016,41.7
02/18/2016,41.85
02/17/2016,42.03
02/16/2016,41.23
02/12/2016,40.39
02/11/2016,39.73
02/10/2016,40.35
02/09/2016,40.36
02/08/2016,40.92
02/05/2016,41.66
02/04/2016,42.23
02/03/2016,42.03
02/02/2016,41.5
02/01/2016,42.47
01/29/2016,42.65
01/28/2016,41.82
01/27/2016,41.55
01/26/2016,41.75
01/25/2016,40.96
01/22/2016,41.66
01/21/2016,40.45
01/20/2016,40.11
01/19/2016,41.12
01/15/2016,40.64
01/14/2016,42.27
01/13/2016,41.71
01/12/2016,42.29
01/11/2016,42.19
01/08/2016,42.1
01/07/2016,42.6
01/06/2016,43.5
01/05/2016,44.25
01/04/2016,44.33
12/31/2015,45.11
12/30/2015,45.53
12/29/2015,45.9
12/28/2015,45.5
12/24/2015,45.67
12/23/2015,45.75
12/22/2015,44.99
12/21/2015,44.69
12/18/2015,44.73
12/17/2015,45.06
12/16/2015,45.71
12/15/2015,44.8
12/14/2015,44.45
12/11/2015,44.29
12/10/2015,45.24
12/09/2015,45.31
12/08/2015,45.44
12/07/2015,46.13
12/04/2015,46.605
12/03/2015,46.23
12/02/2015,46.44
12/01/2015,46.95
11/30/2015,46.47
11/27/2015,46.45
11/25/2015,46.65
11/24/2015,46.65
11/23/2015,46.56
11/20/2015,46.99
11/19/2015,46.99
11/18/2015,46.75
11/17/2015,46.32
11/16/2015,46.22
11/13/2015,45.59
11/12/2015,46.04
11/11/2015,46.55
11/10/2015,46.4
11/09/2015,46.52
11/06/2015,47.02
11/05/2015,47.3
11/04/2015,47.49
11/03/2015,47.77
11/02/2015,47.6
10/30/2015,47.09
10/29/2015,47.16
10/28/2015,47.58
10/27/2015,47.33
10/26/2015,47.77
10/23/2015,48.03
10/22/2015,47.68
10/21/2015,46.98
10/20/2015,47.2
10/19/2015,47.23
10/16/2015,47.55
10/15/2015,47.57
10/14/2015,46.74
10/13/2015,46.48
10/12/2015,47.14
10/09/2015,47.46
10/08/2015,47.33
10/07/2015,47
10/06/2015,46.23
10/05/2015,46.24
10/02/2015,45.31
10/01/2015,44.42
09/30/2015,44.32
09/29/2015,43.35
09/28/2015,43.26
09/25/2015,44.2
09/24/2015,44.13
09/23/2015,44.26
09/22/2015,44.53
09/21/2015,45.6
09/18/2015,45.56
09/17/2015,46.65
09/16/2015,46.61
09/15/2015,45.84
09/14/2015,45.54
09/11/2015,45.77
09/10/2015,45.79
09/09/2015,45.5
09/08/2015,45.69
09/04/2015,44.39
09/03/2015,45.49
09/02/2015,45.44
09/01/2015,44.78
08/31/2015,46.33
08/28/2015,46.67
08/27/2015,46.71
08/26/2015,45.85
08/25/2015,44.68
08/24/2015,44.34
08/21/2015,46.01
08/20/2015,47.1435
08/19/2015,48.22
08/18/2015,48.71
08/17/2015,49.09
08/14/2015,49.18
08/13/2015,49.13
08/12/2015,49.26
08/11/2015,49.58
08/10/2015,50.44
08/07/2015,49.8
08/06/2015,49.84
08/05/2015,50.1
08/04/2015,49.81
08/03/2015,49.78
07/31/2015,50.05
07/30/2015,49.78
07/29/2015,49.86
07/28/2015,49.67
07/27/2015,49.1
07/24/2015,49.51
07/23/2015,50.14
07/22/2015,50.32
07/21/2015,50.77
07/20/2015,50.86
07/17/2015,50.81
07/16/2015,50.91
07/15/2015,50.5279
07/14/2015,50.83
07/13/2015,50.49
07/10/2015,50.27
07/09/2015,48.92
07/08/2015,48.17
07/07/2015,49.48
07/06/2015,49.63
07/02/2015,50.7
07/01/2015,50.58
06/30/2015,50.33
06/29/2015,50.31
06/26/2015,51.74
06/25/2015,52.33
06/24/2015,52.39
06/23/2015,52.8
06/22/2015,52.59
06/19/2015,51.7
06/18/2015,51.94
06/17/2015,51.47
06/16/2015,51.51
06/15/2015,51.5
06/12/2015,51.85
06/11/2015,52.19
06/10/2015,52.12
06/09/2015,51.17
06/08/2015,51.41
06/05/2015,51.52
06/04/2015,51.97
06/03/2015,52.59
06/02/2015,52.42
06/01/2015,52.13
05/29/2015,52.29
05/28/2015,52.81
05/27/2015,53.06
05/26/2015,52.6601
05/22/2015,53.57
05/21/2015,53.82
05/20/2015,53.6
05/19/2015,53.53
05/18/2015,53.68
05/15/2015,53.94
05/14/2015,53.79
05/13/2015,53.16
05/12/2015,52.87
05/11/2015,52.91
05/08/2015,53.34
05/07/2015,52.31
05/06/2015,52.52
05/05/2015,52.55
05/04/2015,53.28
05/01/2015,53.18
04/30/2015,52.77
04/29/2015,53.31
04/28/2015,53.72
04/27/2015,53.66
04/24/2015,53.38
04/23/2015,53.15
04/22/2015,52.88
04/21/2015,52.73
04/20/2015,52.34
04/17/2015,52.31
04/16/2015,53.02
04/15/2015,52.82
04/14/2015,52.51
04/13/2015,52.11
04/10/2015,52.4
04/09/2015,52.34
04/08/2015,52.14
04/07/2015,51.76
04/06/2015,51.79
04/02/2015,51.21
04/01/2015,50.75
03/31/2015,50.35
03/30/2015,50.88
03/27/2015,50.67
03/26/2015,50.63
03/25/2015,50.92
03/24/2015,51.59
03/23/2015,51.57
03/20/2015,51.33
03/19/2015,50.34
03/18/2015,50.96
03/17/2015,49.9
03/16/2015,49.92
03/13/2015,49.4
03/12/2015,49.74
03/11/2015,49.2
03/10/2015,49.07
03/09/2015,50.12
03/06/2015,50.09
03/05/2015,50.79
03/04/2015,50.76
03/03/2015,51.01
03/02/2015,51.27
02/27/2015,51.27
02/26/2015,51.28
02/25/2015,51.37
02/24/2015,51.26
02/23/2015,50.94
02/20/2015,51.15
02/19/2015,50.77
02/18/2015,50.83
02/17/2015,50.63
02/13/2015,50.47
02/12/2015,50.14
02/11/2015,49.34
02/10/2015,49.58
02/09/2015,49.33
02/06/2015,49.44
02/05/2015,50.12
02/04/2015,49.55
02/03/2015,49.95
02/02/2015,49.19
01/30/2015,48.47
01/29/2015,49.22
01/28/2015,48.75
01/27/2015,49.39
01/26/2015,49.44
01/23/2015,48.92
01/22/2015,49.26
01/21/2015,48.93
01/20/2015,48.47
01/16/2015,48.41
01/15/2015,47.94
01/14/2015,47.6
01/13/2015,47.8
01/12/2015,47.55
01/09/2015,47.74
01/08/2015,47.94
01/07/2015,47.34
01/06/2015,46.79
01/05/2015,47.15
01/02/2015,48.21
12/31/2014,48.34
12/30/2014,48.49
12/29/2014,48.89
12/26/2014,49.21
12/24/2014,48.83
12/23/2014,48.68
12/22/2014,48.84
12/19/2014,48.99
12/18/2014,48.94
12/17/2014,48.14
12/16/2014,47.5
12/15/2014,47.27
12/12/2014,47.98
12/11/2014,48.87
12/10/2014,48.99
12/09/2014,49.66
12/08/2014,49.94
12/05/2014,50.54
12/04/2014,50.5
12/03/2014,50.65
12/02/2014,50.58
12/01/2014,50.47
11/28/2014,50.7
11/26/2014,51.32
11/25/2014,51.06
11/24/2014,50.95
11/21/2014,50.95
11/20/2014,50.34
11/19/2014,50.51
11/18/2014,50.61
11/17/2014,50.13
11/14/2014,50.4
11/13/2014,50.23
11/12/2014,50.13
11/11/2014,50.41
11/10/2014,50.17
11/07/2014,50.04
11/06/2014,49.94
11/05/2014,50.29
11/04/2014,50.24
11/03/2014,50.5
10/31/2014,50.96
10/30/2014,50.17
10/29/2014,49.85
10/28/2014,50.18
10/27/2014,49.39
10/24/2014,49.7
10/23/2014,49.42
10/22/2014,49.03
10/21/2014,49.4
10/20/2014,48.9
10/17/2014,48.56
10/16/2014,47.9
10/15/2014,48.17
10/14/2014,48.59
10/13/2014,48.4999
10/10/2014,48.44
10/09/2014,49.26
10/08/2014,50.46
10/07/2014,49.76
10/06/2014,50.48
10/03/2014,50.1
10/02/2014,50.03
10/01/2014,50.3799
09/30/2014,51
09/29/2014,51.11
09/26/2014,51.67
09/25/2014,51.38
09/24/2014,52.23
09/23/2014,52.21
09/22/2014,52.57
09/19/2014,52.91
09/18/2014,53.22
09/17/2014,52.91
09/16/2014,53.3
09/15/2014,52.96
09/12/2014,53.06
09/11/2014,53.33
09/10/2014,53.6
09/09/2014,53.42
09/08/2014,53.7
09/05/2014,54.24
09/04/2014,54.12
09/03/2014,54.45
09/02/2014,53.97
08/29/2014,53.97
08/28/2014,53.95
08/27/2014,54.26
08/26/2014,54.07
08/25/2014,54.02
08/22/2014,53.61
08/21/2014,53.82
08/20/2014,53.73
08/19/2014,53.81
08/18/2014,53.7
08/15/2014,53.32
08/14/2014,53.37
08/13/2014,53.17
08/12/2014,52.82
08/11/2014,52.87
08/08/2014,52.55
08/07/2014,52.24
08/06/2014,52.68
08/05/2014,52.74
08/04/2014,53.5
08/01/2014,53.17
07/31/2014,53.35
07/30/2014,54.34
07/29/2014,54.38
07/28/2014,54.59
07/25/2014,54.47
07/24/2014,54.66
07/23/2014,54.59
07/22/2014,54.48
07/21/2014,54.16
07/18/2014,54.25
07/17/2014,53.72
07/16/2014,54.46
07/15/2014,54.13
07/14/2014,54.3
07/11/2014,53.9399
07/10/2014,53.87
07/09/2014,54.44
07/08/2014,54.24
07/07/2014,54.68
07/03/2014,55.05
07/02/2014,54.84
07/01/2014,54.76
06/30/2014,54.29
06/27/2014,54.23
06/26/2014,54.09
06/25/2014,54.03
06/24/2014,54.01
06/23/2014,54.93
06/20/2014,55.04
06/19/2014,55.08
06/18/2014,54.95
06/17/2014,54.44
06/16/2014,54.51
06/13/2014,54.56
06/12/2014,54.49
06/11/2014,54.51
06/10/2014,54.71
06/09/2014,54.75
06/06/2014,54.71
06/05/2014,54.38
06/04/2014,54.0201
06/03/2014,54.03
06/02/2014,54.12
05/30/2014,53.88
05/29/2014,54.03
05/28/2014,53.74
05/27/2014,53.85
05/23/2014,53.65
05/22/2014,53.5
05/21/2014,53.34
05/20/2014,52.95
05/19/2014,53.31
05/16/2014,53.34
05/15/2014,53.17
05/14/2014,53.5
05/13/2014,53.47
05/12/2014,53.42
05/09/2014,52.96
05/08/2014,53.07
05/07/2014,53.06
05/06/2014,52.922
05/05/2014,52.9575
05/02/2014,53.01
05/01/2014,52.94
04/30/2014,52.86
04/29/2014,52.67
04/28/2014,52.46
04/25/2014,52.3
04/24/2014,52.62
04/23/2014,52.58
04/22/2014,52.74
04/21/2014,52.7
04/17/2014,52.56
04/16/2014,52.28
04/15/2014,51.75
04/14/2014,52.09
04/11/2014,51.87
04/10/2014,52.06
04/09/2014,52.96
04/08/2014,52.35
04/07/2014,52.21
04/04/2014,52.39
04/03/2014,52.5133
04/02/2014,52.66
04/01/2014,52.56
03/31/2014,52.2
03/28/2014,51.87
03/27/2014,51.56
03/26/2014,51.19
03/25/2014,51.18
03/24/2014,51.06
03/21/2014,50.9
03/20/2014,50.91
03/19/2014,51.01
03/18/2014,51.68
03/17/2014,51.32
03/14/2014,50.74
03/13/2014,50.78
03/12/2014,51.62
03/11/2014,51.75
03/10/2014,52.02
03/07/2014,52.39
03/06/2014,52.8
03/05/2014,52.22
03/04/2014,52.22
03/03/2014,51.3
02/28/2014,52.32
02/27/2014,52.21
02/26/2014,51.96
02/25/2014,52.22
02/24/2014,52.29
02/21/2014,51.94
02/20/2014,51.76
02/19/2014,51.59
02/18/2014,51.92
02/14/2014,51.7
02/13/2014,51.37
02/12/2014,51.24
02/11/2014,51.1999
02/10/2014,50.43
02/07/2014,50.61
02/06/2014,50.08
02/05/2014,49.19
02/04/2014,49.08
02/03/2014,48.6353
01/31/2014,49.55
01/30/2014,50.17
01/29/2014,49.88
01/28/2014,50.49
01/27/2014,49.98
01/24/2014,50.29
01/23/2014,51.63
01/22/2014,52.18
01/21/2014,52.02
01/17/2014,51.83
01/16/2014,52.02
01/15/2014,52.01
01/14/2014,51.9
01/13/2014,51.49
01/10/2014,51.89
01/09/2014,51.36
01/08/2014,51.51
01/07/2014,51.54
01/06/2014,51.29
01/03/2014,51.44
01/02/2014,51.46
12/31/2013,52.38
12/30/2013,52.16
12/27/2013,51.9
12/26/2013,51.6
12/24/2013,51.42
12/23/2013,51.3
12/20/2013,50.89
12/19/2013,51.17
12/18/2013,51.35
12/17/2013,50.62
12/16/2013,50.84
12/13/2013,50.49
12/12/2013,50.45
12/11/2013,50.87
12/10/2013,51.34
12/09/2013,51.45
12/06/2013,51.45
12/05/2013,50.74
12/04/2013,50.98
12/03/2013,51.25
12/02/2013,51.59
11/29/2013,52.06
11/27/2013,51.89
11/26/2013,51.64
11/25/2013,51.76
11/22/2013,51.92
11/21/2013,51.77
11/20/2013,51.52
11/19/2013,51.92
11/18/2013,52.11
11/15/2013,52.01
11/14/2013,51.47
11/13/2013,51.18
11/12/2013,50.98
11/11/2013,51.22
11/08/2013,51.25
11/07/2013,50.97
11/06/2013,51.86
11/05/2013,51.38
11/04/2013,51.91
11/01/2013,51.67
10/31/2013,51.99
10/30/2013,52.2
10/29/2013,52.38
10/28/2013,52.25
10/25/2013,52.27
10/24/2013,52.33
10/23/2013,52.07
10/22/2013,52.75
10/21/2013,52.22
10/18/2013,52.15
10/17/2013,51.88
10/16/2013,51.35
10/15/2013,50.91
10/14/2013,51.21
10/11/2013,51
10/10/2013,50.81
10/09/2013,49.965
10/08/2013,49.61
10/07/2013,50.02
10/04/2013,50.46
10/03/2013,50.33
10/02/2013,50.57
10/01/2013,50.4998
09/30/2013,50.15
09/27/2013,50.55
09/26/2013,50.73
09/25/2013,50.52
09/24/2013,50.57
09/23/2013,50.62
09/20/2013,50.81
09/19/2013,51.3
09/18/2013,51.68
09/17/2013,50.24
09/16/2013,50.24
09/13/2013,49.78
09/12/2013,49.565
09/11/2013,49.9
09/10/2013,49.78
09/09/2013,49.33
09/06/2013,48.47
09/05/2013,48.17
09/04/2013,48.08
09/03/2013,47.62
08/30/2013,46.86
08/29/2013,47.22
08/28/2013,47.21
08/27/2013,47.24
08/26/2013,48.08
08/23/2013,48.37
08/22/2013,48.08
08/21/2013,47.45
08/20/2013,48.14
08/19/2013,48.23
08/16/2013,48.66
08/15/2013,48.7
08/14/2013,49.03
08/13/2013,49.05
08/12/2013,48.74
08/09/2013,48.75
08/08/2013,48.66
08/07/2013,48.02
08/06/2013,48.36
08/05/2013,48.49
08/02/2013,48.64
08/01/2013,48.4
07/31/2013,47.79
07/30/2013,47.77
07/29/2013,47.87
07/26/2013,48.31
07/25/2013,48.54
07/24/2013,48.44
07/23/2013,48.64
07/22/2013,48.42
07/19/2013,48.14
07/18/2013,48.17
07/17/2013,48
07/16/2013,47.78
07/15/2013,47.76
07/12/2013,47.47
07/11/2013,47.78
07/10/2013,46.38
07/09/2013,46.36
07/08/2013,46.05
07/05/2013,45.85
07/03/2013,45.67
07/02/2013,45.78
07/01/2013,46.04
06/28/2013,45.68
06/27/2013,45.73
06/26/2013,45.21
06/25/2013,44.92
06/24/2013,44.34
06/21/2013,45.84
06/20/2013,45.74
06/19/2013,47.3
06/18/2013,48.24
06/17/2013,47.99
06/14/2013,47.36
06/13/2013,47.95
06/12/2013,47.23
06/11/2013,47.31
06/10/2013,47.98
06/07/2013,48.02
06/06/2013,47.73
06/05/2013,47.44
06/04/2013,48.32
06/03/2013,48.48
05/31/2013,48.0101
05/30/2013,49.05
05/29/2013,48.85
05/28/2013,49.21
05/24/2013,49.15
05/23/2013,49.59
05/22/2013,50.1153
05/21/2013,50.65
05/20/2013,50.62
05/17/2013,50.2264
05/16/2013,49.95
05/15/2013,50.31
05/14/2013,50.22
05/13/2013,50.1
05/10/2013,50.22
05/09/2013,50.14
05/08/2013,50.68
05/07/2013,50.11
05/06/2013,49.919
05/03/2013,49.97
05/02/2013,49.5
05/01/2013,49.26
04/30/2013,49.65
04/29/2013,49.37
04/26/2013,48.85
04/25/2013,48.82
04/24/2013,48.56
04/23/2013,48.21
04/22/2013,47.67
04/19/2013,47.56
04/18/2013,47.06
04/17/2013,47.09
04/16/2013,48.16
04/15/2013,47.28
04/12/2013,48.45
04/11/2013,48.69
04/10/2013,48.48
04/09/2013,47.81
04/08/2013,47.52
04/05/2013,47.47
04/04/2013,47.71
04/03/2013,47.42
04/02/2013,47.74
04/01/2013,47.53
03/28/2013,47.97
03/27/2013,47.77
03/26/2013,47.87
03/25/2013,47.58
03/22/2013,48
03/21/2013,47.78
03/20/2013,48.22
03/19/2013,47.84
03/18/2013,48.05
03/15/2013,48.49
03/14/2013,48.55
03/13/2013,48.17
03/12/2013,48.33
03/11/2013,48.58
03/08/2013,48.52
03/07/2013,48.39
03/06/2013,48.25
03/05/2013,48.12
03/04/2013,47.66
03/01/2013,47.6101
02/28/2013,47.65
02/27/2013,47.76
02/26/2013,47.23
02/25/2013,46.85
02/22/2013,47.8
02/21/2013,47.26
02/20/2013,48.08
02/19/2013,48.39
02/15/2013,47.97
02/14/2013,48.07
02/13/2013,48.29
02/12/2013,48.11
02/11/2013,47.94
02/08/2013,47.9601
02/07/2013,47.73
02/06/2013,48.14
02/05/2013,48.03
02/04/2013,47.85
02/01/2013,48.67
01/31/2013,48.2
01/30/2013,48.31
01/29/2013,48.38
01/28/2013,47.91
01/25/2013,48.294
01/24/2013,48.04
01/23/2013,47.86
01/22/2013,48
01/18/2013,48.01
01/17/2013,47.99
01/16/2013,47.57
01/15/2013,47.79
01/14/2013,47.94
01/11/2013,47.91
01/10/2013,47.92
01/09/2013,47.33
01/08/2013,47.06
01/07/2013,47.34
01/04/2013,47.54
01/03/2013,47.39
01/02/2013,47.79
12/31/2012,47.07
12/28/2012,46.25
12/27/2012,46.58
12/26/2012,46.34
12/24/2012,46.29
12/21/2012,46.44
12/20/2012,46.86
12/19/2012,47.19
12/18/2012,47.1
12/17/2012,46.74
12/14/2012,46.51
12/13/2012,46.36
12/12/2012,46.5
12/11/2012,46.28
12/10/2012,46.11
12/07/2012,45.98
12/06/2012,45.93
12/05/2012,45.82
12/04/2012,45.6
12/03/2012,45.46
11/30/2012,45.49
11/29/2012,45.47
11/28/2012,45.06
11/27/2012,44.77
11/26/2012,45.07
11/23/2012,45.2
11/21/2012,44.34
11/20/2012,44.22
11/19/2012,44.28
11/16/2012,43.38
11/15/2012,43.38
11/14/2012,43.29
11/13/2012,43.76
11/12/2012,44.03
11/09/2012,44.03
11/08/2012,43.96
11/07/2012,44.4
11/06/2012,45.07
11/05/2012,44.74
11/02/2012,44.75
11/01/2012,45.08
10/31/2012,44.57
10/26/2012,44.55
10/25/2012,44.73
10/24/2012,44.41
10/23/2012,44.29
10/22/2012,45.24
10/19/2012,44.86
10/18/2012,45.55
10/17/2012,45.63
10/16/2012,45.27
10/15/2012,44.65
10/12/2012,44.19
10/11/2012,44.25
10/10/2012,43.96
10/09/2012,44.14
10/08/2012,44.67
10/05/2012,45.05
10/04/2012,44.97
10/03/2012,44.52
10/02/2012,44.71
10/01/2012,44.51
09/28/2012,44.21
09/27/2012,44.85
09/26/2012,44.2
09/25/2012,44.6
09/24/2012,44.98
09/21/2012,45.88
09/20/2012,45.76
09/19/2012,46.09
09/18/2012,45.92
09/17/2012,46.11
09/14/2012,46.48
09/13/2012,45.95
09/12/2012,45.06
09/11/2012,44.8
09/10/2012,44.43
09/07/2012,44.78
09/06/2012,44.09
09/05/2012,43.06
