Date,Close
2010-05-13,16.92
2010-05-14,16.77
2010-05-17,16.52
2010-05-18,16.559999
2010-05-19,16.440001
2010-05-20,16.190001
2010-05-21,16.120001
2010-05-25,16.17
2010-05-26,16.26
2010-05-27,16.49
2010-05-28,16.389999
2010-05-31,16.42
2010-06-01,16.42
2010-06-02,16.52
2010-06-03,16.57
2010-06-04,16.299999
2010-06-07,16.18
2010-06-08,16.120001
2010-06-09,16.07
2010-06-10,16.34
2010-06-11,16.389999
2010-06-14,16.389999
2010-06-15,16.52
2010-06-16,16.74
2010-06-17,16.809999
2010-06-18,16.870001
2010-06-21,16.889999
2010-06-22,16.719999
2010-06-23,16.549999
2010-06-24,16.5
2010-06-25,16.389999
2010-06-28,16.17
2010-06-29,15.7
2010-06-30,15.74
2010-07-02,15.58
2010-07-05,15.52
2010-07-06,15.55
2010-07-07,15.81
2010-07-08,15.96
2010-07-09,16.1
2010-07-12,16.059999
2010-07-13,16.35
2010-07-14,null
2010-07-15,16.35
2010-07-16,null
2010-07-19,16.01
2010-07-20,16.09
2010-07-21,15.96
2010-07-22,16.190001
2010-07-23,16.25
2010-07-26,16.299999
2010-07-27,16.26
2010-07-28,16.280001
2010-07-29,16.370001
2010-07-30,16.34
2010-08-03,16.41
2010-08-04,16.469999
2010-08-05,16.379999
2010-08-06,16.389999
2010-08-09,16.469999
2010-08-10,16.469999
2010-08-11,16.129999
2010-08-12,15.98
2010-08-13,15.96
2010-08-16,15.96
2010-08-17,16.27
2010-08-18,16.370001
2010-08-19,16.25
2010-08-20,16.25
2010-08-23,16.280001
2010-08-24,16.07
2010-08-25,16.120001
2010-08-26,16.23
2010-08-27,16.5
2010-08-30,16.530001
2010-08-31,16.51
2010-09-01,16.67
2010-09-02,16.799999
2010-09-03,16.84
2010-09-07,16.780001
2010-09-08,16.74
2010-09-09,16.700001
2010-09-10,16.75
2010-09-13,16.84
2010-09-14,16.93
2010-09-15,16.83
2010-09-16,16.860001
2010-09-17,16.84
2010-09-20,16.98
2010-09-21,16.860001
2010-09-22,16.860001
2010-09-23,16.700001
2010-09-24,16.889999
2010-09-27,16.77
2010-09-28,16.879999
2010-09-29,17
2010-09-30,17
2010-10-01,17.030001
2010-10-04,16.9
2010-10-05,17.16
2010-10-06,17.200001
2010-10-07,17.09
2010-10-08,17.23
2010-10-12,17.209999
2010-10-13,17.41
2010-10-14,17.309999
2010-10-15,17.34
2010-10-18,17.35
2010-10-19,17.24
2010-10-20,17.370001
2010-10-21,17.280001
2010-10-22,17.25
2010-10-25,17.33
2010-10-26,17.360001
2010-10-27,17.200001
2010-10-28,17.200001
2010-10-29,17.299999
2010-11-01,17.309999
2010-11-02,17.34
2010-11-03,17.280001
2010-11-04,17.629999
2010-11-05,17.65
2010-11-08,17.790001
2010-11-09,17.65
2010-11-10,17.700001
2010-11-11,17.690001
2010-11-12,17.48
2010-11-15,17.440001
2010-11-16,17.190001
2010-11-17,17.299999
2010-11-18,17.610001
2010-11-19,17.719999
2010-11-22,17.690001
2010-11-23,17.549999
2010-11-24,17.629999
2010-11-25,17.700001
2010-11-26,17.629999
2010-11-29,17.700001
2010-11-30,17.74
2010-12-01,17.98
2010-12-02,18
2010-12-03,17.99
2010-12-06,18.01
2010-12-07,18.08
2010-12-08,17.950001
2010-12-09,17.959999
2010-12-10,18.1
2010-12-13,18.16
2010-12-14,18.129999
2010-12-15,18.01
2010-12-16,17.98
2010-12-17,17.99
2010-12-20,18.040001
2010-12-21,18.209999
2010-12-22,18.280001
2010-12-23,18.290001
2010-12-24,18.219999
2010-12-29,18.290001
2010-12-30,18.24
2010-12-31,18.299999
2011-01-04,18.23
2011-01-05,18.27
2011-01-06,18.110001
2011-01-07,18.040001
2011-01-10,17.99
2011-01-11,18.200001
2011-01-12,18.290001
2011-01-13,18.190001
2011-01-14,18.27
2011-01-17,18.299999
2011-01-18,18.440001
2011-01-19,18.25
2011-01-20,18.15
2011-01-21,18.15
2011-01-24,18.15
2011-01-25,18.08
2011-01-26,18.33
2011-01-27,18.27
2011-01-28,18.280001
2011-01-31,18.49
2011-02-01,18.65
2011-02-02,18.639999
2011-02-03,18.84
2011-02-04,18.780001
2011-02-07,18.83
2011-02-08,18.93
2011-02-09,18.77
2011-02-10,18.860001
2011-02-11,18.82
2011-02-14,18.959999
2011-02-15,19
2011-02-16,19.25
2011-02-17,19.26
2011-02-18,19.299999
2011-02-22,19.120001
2011-02-23,19.129999
2011-02-24,19.07
2011-02-25,19.26
2011-02-28,19.299999
2011-03-01,19.370001
2011-03-02,19.4
2011-03-03,19.52
2011-03-04,19.559999
2011-03-07,19.35
2011-03-08,19.280001
2011-03-09,19.040001
2011-03-10,18.700001
2011-03-11,18.809999
2011-03-14,18.719999
2011-03-15,18.67
2011-03-16,18.610001
2011-03-17,18.870001
2011-03-18,18.959999
2011-03-21,19.25
2011-03-22,19.27
2011-03-23,19.219999
2011-03-24,19.290001
2011-03-25,19.32
2011-03-28,19
2011-03-29,18.860001
2011-03-30,19.200001
2011-03-31,19.27
2011-04-01,19.33
2011-04-04,19.4
2011-04-05,19.4
2011-04-06,19.299999
2011-04-07,19.219999
2011-04-08,19.27
2011-04-11,19.030001
2011-04-12,18.68
2011-04-13,18.860001
2011-04-14,18.780001
2011-04-15,18.809999
2011-04-18,18.66
2011-04-19,18.690001
2011-04-20,18.870001
2011-04-21,18.99
2011-04-25,18.889999
2011-04-26,18.91
2011-04-27,18.879999
2011-04-28,18.889999
2011-04-29,18.860001
2011-05-02,18.99
2011-05-03,18.610001
2011-05-04,18.49
2011-05-05,18.25
2011-05-06,18.32
2011-05-09,18.549999
2011-05-10,18.51
2011-05-11,18.16
2011-05-12,18.139999
2011-05-13,18.09
2011-05-16,18.18
2011-05-17,18.290001
2011-05-18,18.51
2011-05-19,18.49
2011-05-20,18.4
2011-05-24,18.5
2011-05-25,18.51
2011-05-26,18.68
2011-05-27,18.709999
2011-05-30,18.74
2011-05-31,18.68
2011-06-01,18.309999
2011-06-02,18.35
2011-06-03,18.27
2011-06-06,18.040001
2011-06-07,18
2011-06-08,17.9
2011-06-09,18
2011-06-10,17.77
2011-06-13,17.59
2011-06-14,17.77
2011-06-15,17.6
2011-06-16,17.49
2011-06-17,17.43
2011-06-20,17.440001
2011-06-21,17.790001
2011-06-22,17.799999
2011-06-23,17.610001
2011-06-24,17.549999
2011-06-27,17.5
2011-06-28,17.75
2011-06-29,17.870001
2011-06-30,17.889999
2011-07-04,18.110001
2011-07-05,18.209999
2011-07-06,18.120001
2011-07-07,18.16
2011-07-08,18.059999
2011-07-11,17.77
2011-07-12,17.85
2011-07-13,18.040001
2011-07-14,18.049999
2011-07-15,17.92
2011-07-18,17.92
2011-07-19,17.93
2011-07-20,17.959999
2011-07-21,18.120001
2011-07-22,18.190001
2011-07-25,18.110001
2011-07-26,17.93
2011-07-27,17.58
2011-07-28,17.52
2011-07-29,17.389999
2011-08-02,17.18
2011-08-03,17.16
2011-08-04,16.6
2011-08-05,16.389999
2011-08-08,15.74
2011-08-09,15.93
2011-08-10,16.459999
2011-08-11,16.82
2011-08-12,17
2011-08-15,17.16
2011-08-16,16.950001
2011-08-17,17.040001
2011-08-18,16.41
2011-08-19,16.25
2011-08-22,16.27
2011-08-23,16.67
2011-08-24,16.76
2011-08-25,16.65
2011-08-26,16.68
2011-08-29,16.93
2011-08-30,17.1
2011-08-31,17.15
2011-09-01,17.290001
2011-09-02,17.08
2011-09-06,16.870001
2011-09-07,17.23
2011-09-08,17.190001
2011-09-09,16.780001
2011-09-12,16.34
2011-09-13,16.530001
2011-09-14,16.700001
2011-09-15,16.809999
2011-09-16,16.639999
2011-09-19,16.450001
2011-09-20,16.48
2011-09-21,16.370001
2011-09-22,15.45
2011-09-23,15.48
2011-09-26,15.59
2011-09-27,15.96
2011-09-28,15.9
2011-09-29,15.7
2011-09-30,15.69
2011-10-03,15.23
2011-10-04,14.78
2011-10-05,15.6
2011-10-06,15.98
2011-10-07,15.8
2011-10-11,16.110001
2011-10-12,16.27
2011-10-13,16.09
2011-10-14,16.32
2011-10-17,16.1
2011-10-18,16.309999
2011-10-19,16.030001
2011-10-20,15.98
2011-10-21,16.129999
2011-10-24,16.42
2011-10-25,16.41
2011-10-26,16.440001
2011-10-27,16.860001
2011-10-28,16.92
2011-10-31,16.719999
2011-11-01,16.309999
2011-11-02,16.5
2011-11-03,16.809999
2011-11-04,16.719999
2011-11-07,16.799999
2011-11-08,16.85
2011-11-09,16.379999
2011-11-10,16.32
2011-11-11,16.6
2011-11-14,16.440001
2011-11-15,16.530001
2011-11-16,16.469999
2011-11-17,16.02
2011-11-18,16.030001
2011-11-21,15.88
2011-11-22,15.89
2011-11-23,15.66
2011-11-24,15.52
2011-11-25,15.41
2011-11-28,15.72
2011-11-29,15.82
2011-11-30,16.4
2011-12-01,16.389999
2011-12-02,16.299999
2011-12-05,16.42
2011-12-06,16.379999
2011-12-07,16.299999
2011-12-08,16.15
2011-12-09,16.17
2011-12-12,15.93
2011-12-13,15.85
2011-12-14,15.57
2011-12-15,15.48
2011-12-16,15.7
2011-12-19,15.5
2011-12-20,15.8
2011-12-21,15.8
2011-12-22,16.030001
2011-12-23,16
2011-12-28,15.73
2011-12-29,15.87
2011-12-30,16.049999
2012-01-03,16.450001
2012-01-04,16.469999
2012-01-05,16.469999
2012-01-06,16.370001
2012-01-09,16.43
2012-01-10,16.549999
2012-01-11,16.530001
2012-01-12,16.610001
2012-01-13,16.559999
2012-01-16,16.59
2012-01-17,16.549999
2012-01-18,16.67
2012-01-19,16.75
2012-01-20,16.780001
2012-01-23,16.99
2012-01-24,16.799999
2012-01-25,16.969999
2012-01-26,16.84
2012-01-27,16.9
2012-01-30,16.799999
2012-01-31,16.809999
2012-02-01,16.92
2012-02-02,16.92
2012-02-03,16.99
2012-02-06,16.940001
2012-02-07,16.91
2012-02-08,16.879999
2012-02-09,16.809999
2012-02-10,16.68
2012-02-13,16.709999
2012-02-14,16.67
2012-02-15,16.68
2012-02-16,16.860001
2012-02-17,16.82
2012-02-21,17.040001
2012-02-22,17.190001
2012-02-23,17.190001
2012-02-24,17.209999
2012-02-27,17.17
2012-02-28,17.25
2012-02-29,17.129999
2012-03-01,17.25
2012-03-02,17.120001
2012-03-05,16.969999
2012-03-06,16.639999
2012-03-07,16.68
2012-03-08,16.860001
2012-03-09,16.85
2012-03-12,16.85
2012-03-13,16.92
2012-03-14,16.719999
2012-03-15,16.84
2012-03-16,16.969999
2012-03-19,16.93
2012-03-20,16.860001
2012-03-21,16.9
2012-03-22,16.790001
2012-03-23,16.9
2012-03-26,17.07
2012-03-27,16.889999
2012-03-28,16.77
2012-03-29,16.66
2012-03-30,16.76
2012-04-02,16.93
2012-04-03,16.6
2012-04-04,16.440001
2012-04-05,16.290001
2012-04-09,16.23
2012-04-10,16.059999
2012-04-11,16.23
2012-04-12,16.48
2012-04-13,16.25
2012-04-16,16.27
2012-04-17,16.41
2012-04-18,16.42
2012-04-19,16.41
2012-04-20,16.450001
2012-04-23,16.190001
2012-04-24,16.17
2012-04-25,16.360001
2012-04-26,16.370001
2012-04-27,16.49
2012-04-30,16.559999
2012-05-01,16.66
2012-05-02,16.5
2012-05-03,16.190001
2012-05-04,15.99
2012-05-07,15.96
2012-05-08,15.73
2012-05-09,15.73
2012-05-10,15.77
2012-05-11,15.74
2012-05-14,15.5
2012-05-15,15.3
2012-05-16,15.31
2012-05-17,15.3
2012-05-18,15.22
2012-05-22,15.45
2012-05-23,15.65
2012-05-24,15.65
2012-05-25,15.63
2012-05-28,15.59
2012-05-29,15.68
2012-05-30,15.48
2012-05-31,15.51
2012-06-01,15.37
2012-06-04,15.33
2012-06-05,15.52
2012-06-06,15.68
2012-06-07,15.67
2012-06-08,15.6
2012-06-11,15.41
2012-06-12,15.54
2012-06-13,15.57
2012-06-14,15.52
2012-06-15,15.65
2012-06-18,15.73
2012-06-19,16.040001
2012-06-20,15.95
2012-06-21,15.51
2012-06-22,15.56
2012-06-25,15.42
2012-06-26,15.27
2012-06-27,15.41
2012-06-28,15.3
2012-06-29,15.63
2012-07-03,16.049999
2012-07-04,16.110001
2012-07-05,16.049999
2012-07-06,15.75
2012-07-09,15.68
2012-07-10,15.55
2012-07-11,15.59
2012-07-12,15.44
2012-07-13,15.55
2012-07-16,15.58
2012-07-17,15.63
2012-07-18,15.63
2012-07-19,15.75
2012-07-20,15.67
2012-07-23,15.54
2012-07-24,15.47
2012-07-25,15.51
2012-07-26,15.68
2012-07-27,15.93
2012-07-30,15.85
2012-07-31,15.75
2012-08-01,15.7
2012-08-02,15.54
2012-08-03,15.74
2012-08-07,16.01
2012-08-08,15.9
2012-08-09,15.97
2012-08-10,16
2012-08-13,15.96
2012-08-14,16.030001
2012-08-15,16.059999
2012-08-16,16.24
2012-08-17,16.32
2012-08-20,16.34
2012-08-21,16.360001
2012-08-22,16.290001
2012-08-23,16.26
2012-08-24,16.33
2012-08-27,16.27
2012-08-28,16.23
2012-08-29,16.25
2012-08-30,16.110001
2012-08-31,16.23
2012-09-04,16.16
2012-09-05,16.25
2012-09-06,16.4
2012-09-07,16.629999
2012-09-10,16.57
2012-09-11,16.559999
2012-09-12,16.620001
2012-09-13,16.790001
2012-09-14,17
2012-09-17,16.92
2012-09-18,16.84
2012-09-19,16.879999
2012-09-20,16.83
2012-09-21,16.790001
2012-09-24,16.690001
2012-09-25,16.48
2012-09-26,16.48
2012-09-27,16.629999
2012-09-28,16.57
2012-10-01,16.65
2012-10-02,16.68
2012-10-03,16.66
2012-10-04,16.77
2012-10-05,16.719999
2012-10-09,16.549999
2012-10-10,16.440001
2012-10-11,16.5
2012-10-12,16.41
2012-10-15,16.440001
2012-10-16,16.719999
2012-10-17,16.77
2012-10-18,16.790001
2012-10-19,16.74
2012-10-22,16.639999
2012-10-23,16.48
2012-10-24,16.459999
2012-10-25,16.58
2012-10-26,16.59
2012-10-29,16.530001
2012-10-30,16.719999
2012-10-31,16.799999
2012-11-01,16.860001
2012-11-02,16.690001
2012-11-05,16.68
2012-11-06,16.68
2012-11-07,16.530001
2012-11-08,16.469999
2012-11-09,16.459999
2012-11-12,16.459999
2012-11-13,16.389999
2012-11-14,16.18
2012-11-15,15.93
2012-11-16,16.01
2012-11-19,16.24
2012-11-20,16.24
2012-11-21,16.35
2012-11-22,16.4
2012-11-23,16.48
2012-11-26,16.440001
2012-11-27,16.370001
2012-11-28,16.35
2012-11-29,16.51
2012-11-30,16.49
2012-12-03,16.440001
2012-12-04,16.4
2012-12-05,16.440001
2012-12-06,16.42
2012-12-07,16.469999
2012-12-10,16.540001
2012-12-11,16.620001
2012-12-12,16.73
2012-12-13,16.610001
2012-12-14,16.59
2012-12-17,16.6
2012-12-18,16.700001
2012-12-19,16.77
2012-12-20,16.75
2012-12-21,16.77
2012-12-24,16.639999
2012-12-27,16.65
2012-12-28,16.6
2012-12-31,16.77
2013-01-02,16.889999
2013-01-03,16.77
2013-01-04,16.92
2013-01-07,16.860001
2013-01-08,16.860001
2013-01-09,16.870001
2013-01-10,17.01
2013-01-11,16.98
2013-01-14,16.99
2013-01-15,17.030001
2013-01-16,17.01
2013-01-17,17.09
2013-01-18,17.190001
2013-01-21,17.25
2013-01-22,17.299999
2013-01-23,17.280001
2013-01-24,17.33
2013-01-25,17.299999
2013-01-28,17.309999
2013-01-29,17.33
2013-01-30,17.25
2013-01-31,17.15
2013-02-01,17.24
2013-02-04,17.18
2013-02-05,17.209999
2013-02-06,17.26
2013-02-07,17.219999
2013-02-08,17.290001
2013-02-11,17.26
2013-02-12,17.299999
2013-02-13,17.26
2013-02-14,17.190001
2013-02-15,17.15
2013-02-19,17.309999
2013-02-20,17.17
2013-02-21,17.1
2013-02-22,17.17
2013-02-25,17.120001
2013-02-26,17.120001
2013-02-27,17.209999
2013-02-28,17.33
2013-03-01,17.280001
2013-03-04,17.209999
2013-03-05,17.25
2013-03-06,17.370001
2013-03-07,17.370001
2013-03-08,17.370001
2013-03-11,17.41
2013-03-12,17.42
2013-03-13,17.280001
2013-03-14,17.33
2013-03-15,17.389999
2013-03-18,17.299999
2013-03-19,17.299999
2013-03-20,17.35
2013-03-21,17.290001
2013-03-22,17.280001
2013-03-25,17.07
2013-03-26,17.110001
2013-03-27,17.1
2013-03-28,17.17
2013-04-01,17.129999
2013-04-02,17.1
2013-04-03,16.76
2013-04-04,16.65
2013-04-05,16.610001
2013-04-08,16.66
2013-04-09,16.84
2013-04-10,16.92
2013-04-11,16.83
2013-04-12,16.629999
2013-04-15,16.200001
2013-04-16,16.34
2013-04-17,16.1
2013-04-18,16.209999
2013-04-19,16.27
2013-04-22,16.32
2013-04-23,16.33
2013-04-24,16.57
2013-04-25,16.629999
2013-04-26,16.5
2013-04-29,16.639999
2013-04-30,16.82
2013-05-01,16.65
2013-05-02,16.75
2013-05-03,16.83
2013-05-06,16.84
2013-05-07,16.870001
2013-05-08,17
2013-05-09,16.99
2013-05-10,17
2013-05-13,16.940001
2013-05-14,16.99
2013-05-15,16.860001
2013-05-16,16.9
2013-05-17,17.040001
2013-05-21,17.26
2013-05-22,17.25
2013-05-23,17.120001
2013-05-24,17.110001
2013-05-27,17.18
2013-05-28,17.26
2013-05-29,17.23
2013-05-30,17.26
2013-05-31,17.120001
2013-06-03,17.059999
2013-06-04,17.049999
2013-06-05,16.84
2013-06-06,16.790001
2013-06-07,16.74
2013-06-10,16.780001
2013-06-11,16.58
2013-06-12,16.42
2013-06-13,16.639999
2013-06-14,16.52
2013-06-17,16.68
2013-06-18,16.780001
2013-06-19,16.639999
2013-06-20,16.25
2013-06-21,16.27
2013-06-24,16.08
2013-06-25,16.129999
2013-06-26,16.120001
2013-06-27,16.200001
2013-06-28,16.370001
2013-07-02,16.370001
2013-07-03,16.35
2013-07-04,16.43
2013-07-05,16.33
2013-07-08,16.459999
2013-07-09,16.59
2013-07-10,16.57
2013-07-11,16.870001
2013-07-12,16.809999
2013-07-15,16.91
2013-07-16,16.9
2013-07-17,16.969999
2013-07-18,17.07
2013-07-19,17.120001
2013-07-22,17.209999
2013-07-23,17.200001
2013-07-24,17.09
2013-07-25,17.110001
2013-07-26,17.08
2013-07-29,17.129999
2013-07-30,16.99
2013-07-31,16.9
2013-08-01,17.02
2013-08-02,17.01
2013-08-06,16.82
2013-08-07,16.809999
2013-08-08,16.969999
2013-08-09,16.959999
2013-08-12,17.02
2013-08-13,17.08
2013-08-14,17.09
2013-08-15,17.16
2013-08-16,17.280001
2013-08-19,17.030001
2013-08-20,17.190001
2013-08-21,17.08
2013-08-22,17.120001
2013-08-23,17.27
2013-08-26,17.25
2013-08-27,17.030001
2013-08-28,17.120001
2013-08-29,17.209999
2013-08-30,17.18
2013-09-03,17.27
2013-09-04,17.25
2013-09-05,17.389999
2013-09-06,17.360001
2013-09-09,17.42
2013-09-10,17.370001
2013-09-11,17.41
2013-09-12,17.23
2013-09-13,17.27
2013-09-16,17.389999
2013-09-17,17.4
2013-09-18,17.540001
2013-09-19,17.530001
2013-09-20,17.389999
2013-09-23,17.379999
2013-09-24,17.42
2013-09-25,17.299999
2013-09-26,17.309999
2013-09-27,17.32
2013-09-30,17.26
2013-10-01,17.299999
2013-10-02,17.32
2013-10-03,17.209999
2013-10-04,17.24
2013-10-07,17.26
2013-10-08,17.120001
2013-10-09,17.200001
2013-10-10,17.389999
2013-10-11,17.379999
2013-10-15,17.450001
2013-10-16,17.459999
2013-10-17,17.6
2013-10-18,17.74
2013-10-21,17.809999
2013-10-22,17.9
2013-10-23,17.870001
2013-10-24,17.99
2013-10-25,18.08
2013-10-28,18.07
2013-10-29,18.129999
2013-10-30,18.08
2013-10-31,18.09
2013-11-01,18.02
2013-11-04,18.059999
2013-11-05,18.01
2013-11-06,18.07
2013-11-07,17.969999
2013-11-08,18.08
2013-11-11,18.059999
2013-11-12,18.02
2013-11-13,18.09
2013-11-14,18.17
2013-11-15,18.24
2013-11-18,18.18
2013-11-19,18.18
2013-11-20,18.129999
2013-11-21,18.219999
2013-11-22,18.25
2013-11-25,18.23
2013-11-26,18.09
2013-11-27,18.08
2013-11-28,18.110001
2013-11-29,18.209999
2013-12-02,18.15
2013-12-03,18.01
2013-12-04,17.98
2013-12-05,17.889999
2013-12-06,17.99
2013-12-09,18.049999
2013-12-10,18.08
2013-12-11,17.82
2013-12-12,17.799999
2013-12-13,17.809999
2013-12-16,17.91
2013-12-17,17.879999
2013-12-18,18.110001
2013-12-19,18.139999
2013-12-20,18.209999
2013-12-23,18.24
2013-12-24,18.18
2013-12-27,18.309999
2013-12-30,18.299999
2013-12-31,18.370001
2014-01-02,18.27
2014-01-03,18.280001
2014-01-06,18.190001
2014-01-07,18.35
2014-01-08,18.379999
2014-01-09,18.389999
2014-01-10,18.530001
2014-01-13,18.43
2014-01-14,18.49
2014-01-15,18.58
2014-01-16,18.65
2014-01-17,18.74
2014-01-20,18.870001
2014-01-21,18.82
2014-01-22,18.879999
2014-01-23,18.83
2014-01-24,18.530001
2014-01-27,18.34
2014-01-28,18.49
2014-01-29,18.42
2014-01-30,18.549999
2014-01-31,18.5
2014-02-03,18.190001
2014-02-04,18.24
2014-02-05,18.33
2014-02-06,18.52
2014-02-07,18.629999
2014-02-10,18.629999
2014-02-11,18.76
2014-02-12,18.780001
2014-02-13,18.92
2014-02-14,19
2014-02-18,19.01
2014-02-19,19.07
2014-02-20,19.209999
2014-02-21,19.219999
2014-02-24,19.23
2014-02-25,19.18
2014-02-26,19.18
2014-02-27,19.25
2014-02-28,19.26
2014-03-03,19.209999
2014-03-04,19.35
2014-03-05,19.32
2014-03-06,19.33
2014-03-07,19.360001
2014-03-10,19.360001
2014-03-11,19.309999
2014-03-12,19.389999
2014-03-13,19.290001
2014-03-14,19.27
2014-03-17,19.290001
2014-03-18,19.459999
2014-03-19,19.4
2014-03-20,19.469999
2014-03-21,19.450001
2014-03-24,19.32
2014-03-25,19.379999
2014-03-26,19.120001
2014-03-27,19.08
2014-03-28,19.25
2014-03-31,19.360001
2014-04-01,19.4
2014-04-02,19.51
2014-04-03,19.440001
2014-04-04,19.43
2014-04-07,19.23
2014-04-08,19.4
2014-04-09,19.469999
2014-04-10,19.290001
2014-04-11,19.25
2014-04-14,19.280001
2014-04-15,19.280001
2014-04-16,19.5
2014-04-17,19.559999
2014-04-21,19.549999
2014-04-22,19.639999
2014-04-23,19.66
2014-04-24,19.65
2014-04-25,19.59
2014-04-28,19.610001
2014-04-29,19.73
2014-04-30,19.809999
2014-05-01,19.799999
2014-05-02,19.92
2014-05-05,19.860001
2014-05-06,19.74
2014-05-07,19.799999
2014-05-08,19.639999
2014-05-09,19.639999
2014-05-12,19.809999
2014-05-13,19.84
2014-05-14,19.82
2014-05-15,19.709999
2014-05-16,19.58
2014-05-20,19.65
2014-05-21,19.799999
2014-05-22,19.889999
2014-05-23,19.889999
2014-05-26,19.9
2014-05-27,19.82
2014-05-28,19.76
2014-05-29,19.74
2014-05-30,19.719999
2014-06-02,19.870001
2014-06-03,19.950001
2014-06-04,20.030001
2014-06-05,20.030001
2014-06-06,20.08
2014-06-09,20.139999
2014-06-10,20.18
2014-06-11,20.16
2014-06-12,20.200001
2014-06-13,20.33
2014-06-16,20.4
2014-06-17,20.41
2014-06-18,20.469999
2014-06-19,20.459999
2014-06-20,20.5
2014-06-23,20.48
2014-06-24,20.280001
2014-06-25,20.190001
2014-06-26,20.27
2014-06-27,20.33
2014-06-30,20.43
2014-07-02,20.530001
2014-07-03,20.530001
2014-07-04,20.559999
2014-07-07,20.49
2014-07-08,20.440001
2014-07-09,20.530001
2014-07-10,20.43
2014-07-11,20.42
2014-07-14,20.469999
2014-07-15,20.389999
2014-07-16,20.549999
2014-07-17,20.52
2014-07-18,20.639999
2014-07-21,20.610001
2014-07-22,20.709999
2014-07-23,20.780001
2014-07-24,20.790001
2014-07-25,20.870001
2014-07-28,20.870001
2014-07-29,20.879999
2014-07-30,20.959999
2014-07-31,20.74
2014-08-01,20.58
2014-08-05,20.540001
2014-08-06,20.530001
2014-08-07,20.440001
2014-08-08,20.540001
2014-08-11,20.620001
2014-08-12,20.629999
2014-08-13,20.65
2014-08-14,20.65
2014-08-15,20.690001
2014-08-18,20.75
2014-08-19,20.950001
2014-08-20,21.059999
2014-08-21,21.049999
2014-08-22,21.030001
2014-08-25,21.120001
2014-08-26,21.129999
2014-08-27,21.110001
2014-08-28,21.07
2014-08-29,21.139999
2014-09-02,21.16
2014-09-03,21.18
2014-09-04,21.09
2014-09-05,21.120001
2014-09-08,21.02
2014-09-09,21.049999
2014-09-10,20.969999
2014-09-11,21.059999
2014-09-12,21.059999
2014-09-15,21
2014-09-16,21.1
2014-09-17,20.969999
2014-09-18,20.969999
2014-09-19,20.709999
2014-09-22,20.52
2014-09-23,20.530001
2014-09-24,20.51
2014-09-25,20.09
2014-09-26,20.26
2014-09-29,20.219999
2014-09-30,20.200001
2014-10-01,20.01
2014-10-02,19.91
2014-10-03,20
2014-10-06,19.93
2014-10-07,19.690001
2014-10-08,19.809999
2014-10-09,19.540001
2014-10-10,19.25
2014-10-14,18.950001
2014-10-15,18.74
2014-10-16,19.01
2014-10-17,19.24
2014-10-20,19.360001
2014-10-21,19.639999
2014-10-22,19.33
2014-10-23,19.57
2014-10-24,19.67
2014-10-27,19.57
2014-10-28,19.76
2014-10-29,19.65
2014-10-30,19.58
2014-10-31,19.77
2014-11-03,19.68
2014-11-04,19.48
2014-11-05,19.709999
2014-11-06,19.700001
2014-11-07,19.860001
2014-11-10,19.879999
2014-11-11,19.969999
2014-11-12,20.09
2014-11-13,20.01
2014-11-14,20.07
2014-11-17,20.139999
2014-11-18,20.25
2014-11-19,20.280001
2014-11-20,20.389999
2014-11-21,20.450001
2014-11-24,20.33
2014-11-25,20.389999
2014-11-26,20.379999
2014-11-27,20.200001
2014-11-28,20.01
2014-12-01,19.790001
2014-12-02,19.83
2014-12-03,20
2014-12-04,19.610001
2014-12-05,19.629999
2014-12-08,19.18
2014-12-09,19.200001
2014-12-10,18.799999
2014-12-11,18.84
2014-12-12,18.620001
2014-12-15,18.610001
2014-12-16,18.85
2014-12-17,19.290001
2014-12-18,19.48
2014-12-19,19.709999
2014-12-22,19.59
2014-12-23,19.809999
2014-12-24,19.74
2014-12-29,19.77
2014-12-30,19.75
2014-12-31,19.719999
2015-01-02,19.870001
2015-01-05,19.42
2015-01-06,19.26
2015-01-07,19.27
2015-01-08,19.530001
2015-01-09,19.42
2015-01-12,19.27
2015-01-13,19.120001
2015-01-14,19.049999
2015-01-15,18.98
2015-01-16,19.299999
2015-01-19,19.33
2015-01-20,19.32
2015-01-21,19.67
2015-01-22,19.959999
2015-01-23,20
2015-01-26,20.01
2015-01-27,20.049999
2015-01-28,19.74
2015-01-29,19.799999
2015-01-30,19.84
2015-02-02,20.200001
2015-02-03,20.379999
2015-02-04,20.27
2015-02-05,20.450001
2015-02-06,20.379999
2015-02-09,20.43
2015-02-10,20.450001
2015-02-11,20.49
2015-02-12,20.59
2015-02-13,20.66
2015-02-17,20.709999
2015-02-18,20.58
2015-02-19,20.540001
2015-02-20,20.51
2015-02-23,20.559999
2015-02-24,20.549999
2015-02-25,20.65
2015-02-26,20.65
2015-02-27,20.67
2015-03-02,20.690001
2015-03-03,20.51
2015-03-04,20.440001
2015-03-05,20.49
2015-03-06,20.23
2015-03-09,20.17
2015-03-10,19.860001
2015-03-11,19.98
2015-03-12,20.040001
2015-03-13,19.959999
2015-03-16,20.190001
2015-03-17,20.23
2015-03-18,20.32
2015-03-19,20.129999
2015-03-20,20.290001
2015-03-23,20.309999
2015-03-24,20.469999
2015-03-25,20.299999
2015-03-26,20.08
2015-03-27,20.01
2015-03-30,20.16
2015-03-31,20.120001
2015-04-01,20.18
2015-04-02,20.309999
2015-04-06,20.450001
2015-04-07,20.52
2015-04-08,20.530001
2015-04-09,20.719999
2015-04-10,20.790001
2015-04-13,20.75
2015-04-14,20.77
2015-04-15,20.9
2015-04-16,20.76
2015-04-17,20.74
2015-04-20,20.82
2015-04-21,20.719999
2015-04-22,20.66
2015-04-23,20.84
2015-04-24,20.83
2015-04-27,20.719999
2015-04-28,20.75
2015-04-29,20.74
2015-04-30,20.6
2015-05-01,20.77
2015-05-04,20.790001
2015-05-05,20.51
2015-05-06,20.27
2015-05-07,20.389999
2015-05-08,20.530001
2015-05-11,20.5
2015-05-12,20.370001
2015-05-13,20.26
2015-05-14,20.34
2015-05-15,20.440001
2015-05-19,20.440001
2015-05-20,20.4
2015-05-21,20.58
2015-05-22,20.6
2015-05-25,20.57
2015-05-26,20.33
2015-05-27,20.49
2015-05-28,20.469999
2015-05-29,20.360001
2015-06-01,20.41
2015-06-02,20.5
2015-06-03,20.530001
2015-06-04,20.309999
2015-06-05,20.280001
2015-06-08,19.98
2015-06-09,20.1
2015-06-10,20.200001
2015-06-11,20.120001
2015-06-12,20
2015-06-15,20
2015-06-16,20.01
2015-06-17,19.99
2015-06-18,20.059999
2015-06-19,19.870001
2015-06-22,20.08
2015-06-23,20.25
2015-06-24,20.309999
2015-06-25,20.049999
2015-06-26,19.959999
2015-06-29,19.559999
2015-06-30,19.639999
2015-07-02,19.780001
2015-07-03,19.780001
2015-07-06,19.709999
2015-07-07,19.75
2015-07-08,19.469999
2015-07-09,19.290001
2015-07-10,19.459999
2015-07-13,19.639999
2015-07-14,19.73
2015-07-15,19.82
2015-07-16,19.9
2015-07-17,19.76
2015-07-20,19.48
2015-07-21,19.41
2015-07-22,19.34
2015-07-23,19.200001
2015-07-24,19.129999
2015-07-27,18.9
2015-07-28,19.059999
2015-07-29,19.309999
2015-07-30,19.450001
2015-07-31,19.58
2015-08-04,19.610001
2015-08-05,19.629999
2015-08-06,19.49
2015-08-07,19.32
2015-08-10,19.59
2015-08-11,19.450001
2015-08-12,19.370001
2015-08-13,19.280001
2015-08-14,19.34
2015-08-17,19.26
2015-08-18,19.200001
2015-08-19,19.040001
2015-08-20,18.639999
2015-08-21,18.26
2015-08-24,17.780001
2015-08-25,17.889999
2015-08-26,18.08
2015-08-27,18.6
2015-08-28,18.77
2015-08-31,18.780001
2015-09-01,18.299999
2015-09-02,18.35
2015-09-03,18.459999
2015-09-04,18.32
2015-09-08,18.49
2015-09-09,18.379999
2015-09-10,18.43
2015-09-11,18.219999
2015-09-14,18.190001
2015-09-15,18.299999
2015-09-16,18.68
2015-09-17,18.690001
2015-09-18,18.549999
2015-09-21,18.73
2015-09-22,18.34
2015-09-23,18.209999
2015-09-24,18.129999
2015-09-25,18.059999
2015-09-28,17.58
2015-09-29,17.6
2015-09-30,17.969999
2015-10-01,17.860001
2015-10-02,18.02
2015-10-05,18.33
2015-10-06,18.450001
2015-10-07,18.74
2015-10-08,18.870001
2015-10-09,18.889999
2015-10-13,18.719999
2015-10-14,18.77
2015-10-15,18.700001
2015-10-16,18.73
2015-10-19,18.6
2015-10-20,18.700001
2015-10-21,18.530001
2015-10-22,18.77
2015-10-23,18.870001
2015-10-26,18.67
2015-10-27,18.52
2015-10-28,18.77
2015-10-29,18.67
2015-10-30,18.33
2015-11-02,18.43
2015-11-03,18.57
2015-11-04,18.49
2015-11-05,18.379999
2015-11-06,18.35
2015-11-09,18.26
2015-11-10,18.15
2015-11-11,18.07
2015-11-12,17.790001
2015-11-13,17.719999
2015-11-16,18
2015-11-17,17.99
2015-11-18,18.15
2015-11-19,18.26
2015-11-20,18.209999
2015-11-23,18.16
2015-11-24,18.209999
2015-11-25,18.16
2015-11-26,18.219999
2015-11-27,18.15
2015-11-30,18.290001
2015-12-01,18.5
2015-12-02,18.280001
2015-12-03,18.08
2015-12-04,18.120001
2015-12-07,17.700001
2015-12-08,17.51
2015-12-09,17.57
2015-12-10,17.690001
2015-12-11,17.370001
2015-12-14,17.219999
2015-12-15,17.57
2015-12-16,17.91
2015-12-17,17.690001
2015-12-18,17.719999
2015-12-21,17.709999
2015-12-22,17.780001
2015-12-23,18.049999
2015-12-24,17.93
2015-12-29,17.860001
2015-12-30,17.700001
2015-12-31,17.549999
2016-01-04,17.450001
2016-01-05,17.43
2016-01-06,17.190001
2016-01-07,16.82
2016-01-08,16.799999
2016-01-11,16.639999
2016-01-12,16.700001
2016-01-13,16.43
2016-01-14,16.66
2016-01-15,16.299999
2016-01-18,16.120001
2016-01-19,16.24
2016-01-20,15.99
2016-01-21,16.280001
2016-01-22,16.75
2016-01-25,16.42
2016-01-26,16.690001
2016-01-27,16.73
2016-01-28,17.049999
2016-01-29,17.280001
2016-02-01,17.15
2016-02-02,16.83
2016-02-03,17.040001
2016-02-04,17.290001
2016-02-05,17.27
2016-02-08,16.969999
2016-02-09,16.629999
2016-02-10,16.49
2016-02-11,16.370001
2016-02-12,16.76
2016-02-16,17
2016-02-17,17.42
2016-02-18,17.5
2016-02-19,17.360001
2016-02-22,17.43
2016-02-23,17.290001
2016-02-24,17.25
2016-02-25,17.280001
2016-02-26,17.35
2016-02-29,17.4
2016-03-01,17.58
2016-03-02,17.65
2016-03-03,17.790001
2016-03-04,17.92
2016-03-07,18.15
2016-03-08,18.049999
2016-03-09,18.17
2016-03-10,18.139999
2016-03-11,18.360001
2016-03-14,18.290001
2016-03-15,18.190001
2016-03-16,18.299999
2016-03-17,18.49
2016-03-18,18.34
2016-03-21,18.42
2016-03-22,18.35
2016-03-23,18.18
2016-03-24,18.129999
2016-03-28,18.02
2016-03-29,18.09
2016-03-30,18.200001
2016-03-31,18.17
2016-04-01,18.110001
2016-04-04,17.98
2016-04-05,17.959999
2016-04-06,18
2016-04-07,17.889999
2016-04-08,18.030001
2016-04-11,18.129999
2016-04-12,18.32
2016-04-13,18.440001
2016-04-14,18.41
2016-04-15,18.389999
2016-04-18,18.51
2016-04-19,18.700001
2016-04-20,18.780001
2016-04-21,18.73
2016-04-22,18.73
2016-04-25,18.610001
2016-04-26,18.65
2016-04-27,18.76
2016-04-28,18.75
2016-04-29,18.82
2016-05-02,18.719999
2016-05-03,18.52
2016-05-04,18.42
2016-05-05,18.4
2016-05-06,18.530001
2016-05-09,18.32
2016-05-10,18.610001
2016-05-11,18.620001
2016-05-12,18.629999
2016-05-13,18.58
2016-05-16,18.82
2016-05-17,18.780001
2016-05-18,18.65
2016-05-19,18.68
2016-05-20,18.83
2016-05-24,18.870001
2016-05-25,19.030001
2016-05-26,19.049999
2016-05-27,19.059999
2016-05-30,19.040001
2016-05-31,19.07
2016-06-01,19.030001
2016-06-02,19.120001
2016-06-03,19.26
2016-06-06,19.32
2016-06-07,19.440001
2016-06-08,19.389999
2016-06-09,19.290001
2016-06-10,19
2016-06-13,18.93
2016-06-14,18.83
2016-06-15,18.879999
2016-06-16,18.82
2016-06-17,18.85
2016-06-20,19.01
2016-06-21,19.030001
2016-06-22,19
2016-06-23,19.16
2016-06-24,18.860001
2016-06-27,18.42
2016-06-28,18.66
2016-06-29,18.91
2016-06-30,18.950001
2016-07-04,19.209999
2016-07-05,19.16
2016-07-06,19.190001
2016-07-07,19.030001
2016-07-08,19.25
2016-07-11,19.41
2016-07-12,19.530001
2016-07-13,19.559999
2016-07-14,19.57
2016-07-15,19.549999
2016-07-18,19.6
2016-07-19,19.6
2016-07-20,19.6
2016-07-21,19.66
2016-07-22,19.719999
2016-07-25,19.559999
2016-07-26,19.639999
2016-07-27,19.639999
2016-07-28,19.629999
2016-07-29,19.68
2016-08-02,19.549999
2016-08-03,19.59
2016-08-04,19.620001
2016-08-05,19.75
2016-08-08,19.92
2016-08-09,19.99
2016-08-10,19.940001
2016-08-11,20
2016-08-12,19.92
2016-08-15,19.959999
2016-08-16,19.889999
2016-08-17,19.879999
2016-08-18,19.85
2016-08-19,19.85
2016-08-22,19.93
2016-08-23,19.959999
2016-08-24,19.780001
2016-08-25,19.74
2016-08-26,19.799999
2016-08-29,19.85
2016-08-30,19.83
2016-08-31,19.719999
2016-09-01,19.870001
2016-09-02,20.02
2016-09-06,20.030001
2016-09-07,20.030001
2016-09-08,20.049999
2016-09-09,19.68
2016-09-12,19.780001
2016-09-13,19.440001
2016-09-14,19.469999
2016-09-15,19.65
2016-09-16,19.59
2016-09-19,19.639999
2016-09-20,19.68
2016-09-21,19.940001
2016-09-22,20.059999
2016-09-23,19.93
2016-09-26,19.84
2016-09-27,19.610001
2016-09-28,19.85
2016-09-29,19.879999
2016-09-30,19.889999
2016-10-03,19.799999
2016-10-04,19.57
2016-10-05,19.709999
2016-10-06,19.67
2016-10-07,19.65
2016-10-11,19.620001
2016-10-12,19.719999
2016-10-13,19.76
2016-10-14,19.700001
2016-10-17,19.68
2016-10-18,19.92
2016-10-19,20.040001
2016-10-20,20.030001
2016-10-21,20.139999
2016-10-24,20.139999
2016-10-25,20.07
2016-10-26,19.959999
2016-10-27,20.030001
2016-10-28,20
2016-10-31,19.99
2016-11-01,19.950001
2016-11-02,19.719999
2016-11-03,19.67
2016-11-04,19.59
2016-11-07,19.780001
2016-11-08,19.799999
2016-11-09,19.92
2016-11-10,19.91
2016-11-11,19.66
2016-11-14,19.719999
2016-11-15,19.940001
2016-11-16,19.889999
2016-11-17,20.040001
2016-11-18,20.07
2016-11-21,20.290001
2016-11-22,20.41
2016-11-23,20.379999
2016-11-24,20.389999
2016-11-25,20.41
2016-11-28,20.290001
2016-11-29,20.290001
2016-11-30,20.41
2016-12-01,20.33
2016-12-02,20.370001
2016-12-05,20.42
2016-12-06,20.469999
2016-12-07,20.620001
2016-12-08,20.709999
2016-12-09,20.73
2016-12-12,20.709999
2016-12-13,20.85
2016-12-14,20.620001
2016-12-15,20.629999
2016-12-16,20.66
2016-12-19,20.690001
2016-12-20,20.73
2016-12-21,20.74
2016-12-22,20.780001
2016-12-23,20.639999
2016-12-28,20.690001
2016-12-29,20.76
2016-12-30,20.610001
2017-01-03,20.75
2017-01-04,20.9
2017-01-05,21
2017-01-06,20.9
2017-01-09,20.75
2017-01-10,20.809999
2017-01-11,20.889999
2017-01-12,20.799999
2017-01-13,20.889999
2017-01-16,20.860001
2017-01-17,20.82
2017-01-18,20.75
2017-01-19,20.790001
2017-01-20,20.969999
2017-01-23,20.889999
2017-01-24,21.07
2017-01-25,21.1
2017-01-26,21.07
2017-01-27,21
2017-01-30,20.790001
2017-01-31,20.780001
2017-02-01,20.799999
2017-02-02,20.790001
2017-02-03,20.889999
2017-02-06,20.870001
2017-02-07,20.93
2017-02-08,20.99
2017-02-09,21.08
2017-02-10,21.25
2017-02-13,21.280001
2017-02-14,21.33
2017-02-15,21.4
2017-02-16,21.42
2017-02-17,21.4
2017-02-21,21.49
2017-02-22,21.41
2017-02-23,21.32
2017-02-24,21
2017-02-27,21
2017-02-28,20.860001
2017-03-01,21.1
2017-03-02,21.02
2017-03-03,21.120001
2017-03-06,21.15
2017-03-07,21.110001
2017-03-08,20.969999
2017-03-09,20.98
2017-03-10,20.98
2017-03-13,21.059999
2017-03-14,20.84
2017-03-15,21.030001
2017-03-16,21.09
2017-03-17,21
2017-03-20,20.92
2017-03-21,20.74
2017-03-22,20.790001
2017-03-23,20.91
2017-03-24,20.93
2017-03-27,21.02
2017-03-28,21
2017-03-29,21.09
2017-03-30,20.98
2017-03-31,20.969999
2017-04-03,21
2017-04-04,21.1
2017-04-05,21.1
2017-04-06,21.16
2017-04-07,21.120001
2017-04-10,21.219999
2017-04-11,21.200001
2017-04-12,21.1
2017-04-13,20.959999
2017-04-17,21.15
2017-04-18,21.07
2017-04-19,20.969999
2017-04-20,21.07
2017-04-21,21.07
2017-04-24,21.24
2017-04-25,21.26
2017-04-26,21.139999
2017-04-27,20.940001
2017-04-28,21.049999
2017-05-01,21.030001
2017-05-02,21.09
2017-05-03,20.99
2017-05-04,20.809999
2017-05-05,21.030001
2017-05-08,21.139999
2017-05-09,21.01
2017-05-10,21.1
2017-05-11,21
2017-05-12,20.99
2017-05-15,21.110001
2017-05-16,21
2017-05-17,20.639999
2017-05-18,20.68
2017-05-19,20.879999
2017-05-23,20.92
2017-05-24,20.84
2017-05-25,20.84
2017-05-26,20.84
2017-05-29,20.85
2017-05-30,20.799999
2017-05-31,20.75
2017-06-01,20.93
2017-06-02,20.879999
2017-06-05,20.860001
2017-06-06,20.93
2017-06-07,20.83
2017-06-08,20.879999
2017-06-09,20.940001
2017-06-12,20.83
2017-06-13,20.83
2017-06-14,20.559999
2017-06-15,20.540001
2017-06-16,20.610001
2017-06-19,20.68
2017-06-20,20.52
2017-06-21,20.52
2017-06-22,20.629999
2017-06-23,20.77
2017-06-26,20.77
2017-06-27,20.59
2017-06-28,20.68
2017-06-29,20.5
2017-06-30,20.459999
2017-07-04,20.389999
2017-07-05,20.43
2017-07-06,20.33
2017-07-07,20.25
2017-07-10,20.370001
2017-07-11,20.41
2017-07-12,20.42
2017-07-13,20.4
2017-07-14,20.459999
2017-07-17,20.440001
2017-07-18,20.43
2017-07-19,20.559999
2017-07-20,20.59
2017-07-21,20.48
2017-07-24,20.42
2017-07-25,20.52
2017-07-26,20.49
2017-07-27,20.5
2017-07-28,20.42
2017-07-31,20.469999
2017-08-01,20.540001
2017-08-02,20.610001
2017-08-03,20.51
2017-08-04,20.59
2017-08-08,20.59
2017-08-09,20.549999
2017-08-10,20.35
2017-08-11,20.309999
2017-08-14,20.43
2017-08-15,20.41
2017-08-16,20.379999
2017-08-17,20.309999
2017-08-18,20.200001
2017-08-21,20.209999
2017-08-22,20.26
2017-08-23,20.370001
2017-08-24,20.4
2017-08-25,20.360001
2017-08-28,20.35
2017-08-29,20.4
2017-08-30,20.48
2017-08-31,20.57
2017-09-01,20.559999
2017-09-05,20.42
2017-09-06,20.389999
2017-09-07,20.34
2017-09-08,20.290001
2017-09-11,20.360001
2017-09-12,20.5
2017-09-13,20.48
2017-09-14,20.559999
2017-09-15,20.540001
2017-09-18,20.65
2017-09-19,20.74
2017-09-20,20.85
2017-09-21,20.940001
2017-09-22,20.93
2017-09-25,21.030001
2017-09-26,20.959999
2017-09-27,21
2017-09-28,21.040001
2017-09-29,21.07
2017-10-02,21.16
2017-10-03,21.200001
2017-10-04,21.209999
2017-10-05,21.27
2017-10-06,21.200001
2017-10-10,21.26
2017-10-11,21.299999
2017-10-12,21.23
2017-10-13,21.309999
2017-10-16,21.309999
2017-10-17,21.33
2017-10-18,21.290001
2017-10-19,21.32
2017-10-20,21.389999
2017-10-23,21.379999
2017-10-24,21.450001
2017-10-25,21.389999
2017-10-26,21.450001
2017-10-27,21.52
2017-10-30,21.6
2017-10-31,21.639999
2017-11-01,21.639999
2017-11-02,21.620001
2017-11-03,21.629999
2017-11-06,21.73
2017-11-07,21.77
2017-11-08,21.73
2017-11-09,21.709999
2017-11-10,21.66
2017-11-13,21.629999
2017-11-14,21.49
2017-11-15,21.450001
2017-11-16,21.51
2017-11-17,21.6
2017-11-20,21.639999
2017-11-21,21.74
2017-11-22,21.73
2017-11-23,21.73
2017-11-24,21.77
2017-11-27,21.67
2017-11-28,21.67
2017-11-29,21.58
2017-11-30,21.77
2017-12-01,21.709999
2017-12-04,21.610001
2017-12-05,21.530001
2017-12-06,21.540001
2017-12-07,21.67
2017-12-08,21.790001
2017-12-11,21.780001
2017-12-12,21.83
2017-12-13,21.85
2017-12-14,21.700001
2017-12-15,21.73
2017-12-18,21.860001
2017-12-19,21.860001
2017-12-20,21.9
2017-12-21,21.93
2017-12-22,21.889999
2017-12-27,21.799999
2017-12-28,21.84
2017-12-29,21.83
2018-01-02,21.969999
2018-01-03,22.07
2018-01-04,22.120001
2018-01-05,22.040001
2018-01-08,21.99
2018-01-09,22.01
2018-01-10,21.889999
2018-01-11,21.959999
2018-01-12,21.98
2018-01-15,22.08
2018-01-16,21.98
2018-01-17,22.01
2018-01-18,21.950001
2018-01-19,22.059999
2018-01-22,22.030001
2018-01-23,22.07
2018-01-24,21.969999
2018-01-25,21.879999
2018-01-26,21.9
2018-01-29,21.719999
2018-01-30,21.540001
2018-01-31,21.530001
2018-02-01,21.41
2018-02-02,21.059999
2018-02-05,20.68
2018-02-06,20.75
2018-02-07,20.719999
2018-02-08,20.34
2018-02-09,20.299999
2018-02-12,20.59
2018-02-13,20.540001
2018-02-14,20.709999
2018-02-15,20.83
2018-02-16,20.9
2018-02-20,20.879999
2018-02-21,20.98
2018-02-22,20.98
2018-02-23,21.139999
2018-02-26,21.26
2018-02-27,21.200001
2018-02-28,20.93
2018-03-01,20.82
2018-03-02,20.84
2018-03-05,21.049999
2018-03-06,21.040001
2018-03-07,20.950001
2018-03-08,21.040001
2018-03-09,21.08
2018-03-12,21.129999
2018-03-13,21.190001
2018-03-14,21.209999
2018-03-15,21.24
2018-03-16,21.290001
2018-03-19,21.139999
2018-03-20,21.17
2018-03-21,21.280001
2018-03-22,20.870001
2018-03-23,20.639999
2018-03-26,20.74
2018-03-27,20.48
2018-03-28,20.450001
2018-03-29,20.73
2018-04-02,20.51
2018-04-03,20.469999
2018-04-04,20.459999
2018-04-05,20.709999
2018-04-06,20.530001
2018-04-09,20.559999
2018-04-10,20.59
2018-04-11,20.58
2018-04-12,20.610001
2018-04-13,20.610001
2018-04-16,20.639999
2018-04-17,20.719999
2018-04-18,20.959999
2018-04-19,20.85
2018-04-20,20.9
2018-04-23,20.98
2018-04-24,20.9
2018-04-25,20.940001
2018-04-26,21.120001
2018-04-27,21.16
2018-04-30,21.09
2018-05-01,21.1
2018-05-02,21.110001
2018-05-03,21.1
2018-05-04,21.25
2018-05-07,21.35
2018-05-08,21.4
2018-05-09,21.459999
2018-05-10,21.57
2018-05-11,21.6
2018-05-14,21.74
2018-05-15,21.77
2018-05-16,21.790001
2018-05-17,21.84
2018-05-18,21.860001
2018-05-22,21.85
2018-05-23,21.82
2018-05-24,21.809999
2018-05-25,21.75
2018-05-28,21.66
2018-05-29,21.559999
2018-05-30,21.719999
2018-05-31,21.75
2018-06-01,21.74
2018-06-04,21.74
2018-06-05,22.02
2018-06-06,21.9
2018-06-07,21.92
2018-06-08,21.93
2018-06-11,22.030001
2018-06-12,22.059999
2018-06-13,22.030001
2018-06-14,22.129999
2018-06-15,22.129999
2018-06-18,22.200001
2018-06-19,22.110001
2018-06-20,22.26
2018-06-21,22.139999
2018-06-22,22.299999
2018-06-25,21.959999
2018-06-26,22.15
2018-06-27,21.870001
2018-06-28,21.809999
2018-06-29,21.940001
2018-07-03,21.93
2018-07-04,22
2018-07-05,21.940001
2018-07-06,22.08
2018-07-09,22.200001
2018-07-10,22.34
2018-07-11,22.18
2018-07-12,22.35
2018-07-13,22.35
2018-07-16,22.26
2018-07-17,22.290001
2018-07-18,22.24
2018-07-19,22.33
2018-07-20,22.18
2018-07-23,22.16
2018-07-24,22.120001
2018-07-25,22.17
2018-07-26,22.219999
2018-07-27,22.139999
2018-07-30,22.08
2018-07-31,22.18
2018-08-01,22.110001
2018-08-02,22.17
2018-08-03,22.200001
2018-08-07,22.01
2018-08-08,22.049999
2018-08-09,22.17
2018-08-10,22.07
2018-08-13,21.98
2018-08-14,22.08
2018-08-15,21.85
2018-08-16,21.93
2018-08-17,22.08
2018-08-20,22.09
2018-08-21,22.059999
2018-08-22,22.120001
2018-08-23,22.110001
2018-08-24,22.120001
2018-08-27,22.26
2018-08-28,22.129999
2018-08-29,22.18
2018-08-30,22.16
2018-08-31,22.040001
2018-09-04,21.9
2018-09-05,21.870001
2018-09-06,21.799999
2018-09-07,21.799999
2018-09-10,21.77
2018-09-11,21.809999
2018-09-12,21.76
2018-09-13,21.690001
2018-09-14,21.719999
2018-09-17,21.809999
2018-09-18,21.959999
2018-09-19,21.91
2018-09-20,21.99
2018-09-21,22
2018-09-24,22
2018-09-25,21.969999
2018-09-26,21.76
2018-09-27,21.870001
2018-09-28,21.690001
2018-10-01,21.709999
2018-10-02,21.610001
2018-10-03,21.68
2018-10-04,21.6
2018-10-05,21.530001
2018-10-09,21.41
2018-10-10,20.959999
2018-10-11,20.709999
2018-10-12,20.85
2018-10-15,20.82
2018-10-16,21.030001
2018-10-17,20.969999
2018-10-18,20.790001
2018-10-19,20.889999
2018-10-22,20.82
2018-10-23,20.629999
2018-10-24,20.139999
2018-10-25,20.17
2018-10-26,20.110001
2018-10-29,19.92
2018-10-30,20.129999
2018-10-31,20.309999
2018-11-01,20.48
2018-11-02,20.450001
2018-11-05,20.57
2018-11-06,20.68
2018-11-07,20.799999
2018-11-08,20.76
2018-11-09,20.66
2018-11-12,20.5
2018-11-13,20.459999
2018-11-14,20.48
2018-11-15,20.52
2018-11-16,20.52
2018-11-19,20.41
2018-11-20,20.120001
2018-11-21,20.440001
2018-11-22,20.450001
2018-11-23,20.309999
2018-11-26,20.33
2018-11-27,20.26
2018-11-28,20.540001
2018-11-29,20.59
2018-11-30,20.610001
2018-12-03,20.690001
2018-12-04,20.42
2018-12-05,20.57
2018-12-06,20.27
2018-12-07,20.1
2018-12-10,19.99
2018-12-11,19.93
2018-12-12,20.07
2018-12-13,20.030001
2018-12-14,19.83
2018-12-17,19.5
2018-12-18,19.59
2018-12-19,19.4
2018-12-20,19.219999
2018-12-21,19.02
2018-12-24,18.75
2018-12-27,19.08
2018-12-28,19.200001
2018-12-31,19.32
2019-01-02,19.34
2019-01-03,19.17
2019-01-04,19.49
2019-01-07,19.58
2019-01-08,19.709999
2019-01-09,19.99
2019-01-10,20.110001
2019-01-11,20.17
2019-01-14,20.219999
2019-01-15,20.33
2019-01-16,20.4
2019-01-17,20.530001
2019-01-18,20.67
2019-01-21,20.690001
2019-01-22,20.549999
2019-01-23,20.540001
2019-01-24,20.65
2019-01-25,20.74
2019-01-28,20.780001
2019-01-29,20.93
2019-01-30,20.940001
2019-01-31,21.030001
2019-02-01,20.98
2019-02-04,21.1
2019-02-05,21.23
2019-02-06,21.25
2019-02-07,21.24
2019-02-08,21.15
2019-02-11,21.07
2019-02-12,21.16
2019-02-13,21.15
2019-02-14,21.26
2019-02-15,21.450001
2019-02-19,21.57
2019-02-20,21.709999
2019-02-21,21.67
2019-02-22,21.68
2019-02-25,21.74
2019-02-26,21.77
2019-02-27,21.780001
2019-02-28,21.690001
2019-03-01,21.780001
2019-03-04,21.75
2019-03-05,21.809999
2019-03-06,21.82
2019-03-07,21.77
2019-03-08,21.690001
2019-03-11,21.860001
2019-03-12,21.889999
2019-03-13,21.92
2019-03-14,21.85
2019-03-15,21.91
2019-03-18,22.049999
2019-03-19,21.99
2019-03-20,21.959999
2019-03-21,22.08
2019-03-22,21.85
2019-03-25,21.83
2019-03-26,21.950001
2019-03-27,21.75
2019-03-28,21.82
2019-03-29,21.75
2019-04-01,21.91
2019-04-02,21.959999
2019-04-03,21.969999
2019-04-04,22.02
2019-04-05,22.129999
2019-04-08,22.15
2019-04-09,22.07
2019-04-10,22.16
2019-04-11,22.18
2019-04-12,22.27
2019-04-15,22.309999
2019-04-16,22.309999
2019-04-17,22.360001
2019-04-18,22.440001
2019-04-22,22.41
2019-04-23,22.530001
2019-04-24,22.440001
2019-04-25,22.43
2019-04-26,22.469999
2019-04-29,22.459999
2019-04-30,22.440001
2019-05-01,22.32
2019-05-02,22.200001
2019-05-03,22.32
2019-05-06,22.32
2019-05-07,22.139999
2019-05-08,22.200001
2019-05-09,22.1
2019-05-10,22.059999
2019-05-13,21.91
2019-05-14,22.049999
2019-05-15,22.120001
2019-05-16,22.27
2019-05-17,22.219999
2019-05-21,22.25
2019-05-22,22.129999
2019-05-23,21.889999
2019-05-24,22
2019-05-27,22.15
2019-05-28,22.08
2019-05-29,21.85
2019-05-30,21.82
2019-05-31,21.74
2019-06-03,21.719999
2019-06-04,21.92
2019-06-05,21.98
2019-06-06,22.030001
2019-06-07,22.030001
2019-06-10,22.02
2019-06-11,22.049999
2019-06-12,22.059999
2019-06-13,22.040001
2019-06-14,22.15
2019-06-17,22.219999
2019-06-18,22.42
2019-06-19,22.440001
2019-06-20,22.52
2019-06-21,22.459999
2019-06-24,22.450001
2019-06-25,22.26
2019-06-26,22.02
2019-06-27,22.040001
2019-06-28,22.1
2019-07-02,22.25
2019-07-03,22.4
2019-07-04,22.43
2019-07-05,22.35
2019-07-08,22.280001
2019-07-09,22.379999
2019-07-10,22.4
2019-07-11,22.360001
2019-07-12,22.290001
2019-07-15,22.33
2019-07-16,22.309999
2019-07-17,22.299999
2019-07-18,22.32
2019-07-19,22.299999
2019-07-22,22.34
2019-07-23,22.41
2019-07-24,22.49
2019-07-25,22.309999
2019-07-26,22.370001
2019-07-29,22.309999
2019-07-30,22.27
2019-07-31,22.219999
2019-08-01,22.18
2019-08-02,22.049999
2019-08-06,21.870001
2019-08-07,22.030001
2019-08-08,22.219999
2019-08-09,22.139999
2019-08-12,22
2019-08-13,22.129999
2019-08-14,21.75
2019-08-15,21.700001
2019-08-16,21.860001
2019-08-19,22.120001
2019-08-20,21.98
2019-08-21,22.110001
2019-08-22,22.040001
2019-08-23,21.700001
2019-08-26,21.799999
2019-08-27,21.950001
2019-08-28,22.07
2019-08-29,22.23
2019-08-30,22.33
2019-09-03,22.26
2019-09-04,22.33
2019-09-05,22.51
2019-09-06,22.450001
2019-09-09,22.41
2019-09-10,22.450001
2019-09-11,22.559999
2019-09-12,22.620001
2019-09-13,22.690001
2019-09-16,22.77
2019-09-17,22.889999
2019-09-18,22.85
2019-09-19,22.93
2019-09-20,22.969999
2019-09-23,22.93
2019-09-24,22.84
2019-09-25,22.82
2019-09-26,22.67
2019-09-27,22.530001
2019-09-30,22.549999
2019-10-01,22.24
2019-10-02,22.040001
2019-10-03,22.129999
2019-10-04,22.23
2019-10-07,22.219999
2019-10-08,22.040001
2019-10-09,22.17
2019-10-10,22.23
2019-10-11,22.209999
2019-10-15,22.219999
2019-10-16,22.200001
2019-10-17,22.23
2019-10-18,22.16
2019-10-21,22.23
2019-10-22,22.18
2019-10-23,22.110001
2019-10-24,22.139999
2019-10-25,22.209999
2019-10-28,22.190001
2019-10-29,22.23
2019-10-30,22.33
2019-10-31,22.309999
2019-11-01,22.450001
2019-11-04,22.58
2019-11-05,22.6
2019-11-06,22.68
2019-11-07,22.76
2019-11-08,22.860001
2019-11-11,22.870001
2019-11-12,22.9
2019-11-13,22.99
2019-11-14,23.01
2019-11-15,23.08
2019-11-18,23.08
2019-11-19,23.07
2019-11-20,23.059999
2019-11-21,23.049999
2019-11-22,23.01
2019-11-25,23.1
2019-11-26,23.120001
2019-11-27,23.190001
2019-11-28,23.23
2019-11-29,23.15
2019-12-02,23.059999
2019-12-03,22.950001
2019-12-04,22.950001
2019-12-05,22.889999
2019-12-06,23.1
2019-12-09,23.030001
2019-12-10,23.030001
2019-12-11,23.02
2019-12-12,23.059999
2019-12-13,23.110001
2019-12-16,23.200001
2019-12-17,23.219999
2019-12-18,23.16
2019-12-19,23.209999
2019-12-20,23.280001
2019-12-23,23.299999
2019-12-24,23.34
2019-12-27,23.120001
2019-12-30,23.059999
2019-12-31,22.99
2020-01-02,23.049999
2020-01-03,23.01
2020-01-06,23.059999
2020-01-07,23.15
2020-01-08,23.17
2020-01-09,23.26
2020-01-10,23.26
2020-01-13,23.35
2020-01-14,23.42
2020-01-15,23.49
2020-01-16,23.6
2020-01-17,23.700001
2020-01-20,23.76
2020-01-21,23.719999
2020-01-22,23.77
2020-01-23,23.780001
2020-01-24,23.73
2020-01-27,23.559999
2020-01-28,23.66
2020-01-29,23.67
2020-01-30,23.620001
2020-01-31,23.42
2020-02-03,23.5
2020-02-04,23.67
2020-02-05,23.860001
2020-02-06,23.99
2020-02-07,23.870001
2020-02-10,23.98
2020-02-11,24.040001
2020-02-12,24.110001
2020-02-13,24.110001
2020-02-14,24.129999
2020-02-18,24.16
2020-02-19,24.24
2020-02-20,24.26
2020-02-21,24.139999
2020-02-24,23.77
2020-02-25,23.24
2020-02-26,23.08
2020-02-27,22.67
2020-02-28,22.049999
2020-03-02,22.42
2020-03-03,22.25
2020-03-04,22.719999
2020-03-05,22.43
2020-03-06,21.92
2020-03-09,19.67
2020-03-10,20.280001
2020-03-11,19.33
2020-03-12,16.99
2020-03-13,18.58
2020-03-16,16.75
2020-03-17,17.23
2020-03-18,16
2020-03-19,16.51
2020-03-20,16.15
2020-03-23,15.24
2020-03-24,17.07
2020-03-25,17.76
2020-03-26,18.15
2020-03-27,17.049999
2020-03-30,17.530001
2020-03-31,17.969999
2020-04-01,17.32
2020-04-02,17.639999
2020-04-03,17.440001
2020-04-06,18.32
2020-04-07,18.35
2020-04-08,18.780001
2020-04-09,19.110001
2020-04-13,18.98
2020-04-14,19.23
2020-04-15,18.83
2020-04-16,18.75
2020-04-17,19.360001
2020-04-20,19.440001
2020-04-21,18.809999
2020-04-22,19.290001
2020-04-23,19.23
2020-04-24,19.469999
2020-04-27,19.75
2020-04-28,19.969999
2020-04-29,20.540001
2020-04-30,19.99
2020-05-01,19.73
2020-05-04,19.889999
2020-05-05,19.99
2020-05-06,20.01
2020-05-07,20.02
2020-05-08,20.209999
2020-05-11,20.4
2020-05-12,20.1
2020-05-13,19.59
2020-05-14,19.6
2020-05-15,19.799999
2020-05-19,20.129999
2020-05-20,20.280001
2020-05-21,20.120001
2020-05-22,20.15
2020-05-25,20.370001
2020-05-26,20.469999
2020-05-27,20.66
2020-05-28,20.65
2020-05-29,20.540001
2020-06-01,20.610001
2020-06-02,20.84
2020-06-03,21.08
2020-06-04,21.030001
2020-06-05,21.469999
2020-06-08,21.620001
2020-06-09,21.440001
2020-06-10,21.290001
2020-06-11,20.389999
2020-06-12,20.690001
2020-06-15,20.809999
2020-06-16,21
2020-06-17,20.92
2020-06-18,20.98
2020-06-19,20.969999
2020-06-22,21.040001
2020-06-23,21.110001
2020-06-24,20.75
2020-06-25,20.940001
2020-06-26,20.41
2020-06-29,20.67
2020-06-30,20.879999
2020-07-02,21.01
2020-07-03,20.99
2020-07-06,21.110001
2020-07-07,21
2020-07-08,21.01
2020-07-09,20.98
2020-07-10,21.17
2020-07-13,21.059999
2020-07-14,21.440001
2020-07-15,21.639999
2020-07-16,21.58
2020-07-17,21.74
2020-07-20,21.799999
2020-07-21,21.77
2020-07-22,21.799999
2020-07-23,21.6
2020-07-24,21.57
2020-07-27,21.76
2020-07-28,21.75
2020-07-29,21.969999
2020-07-30,21.950001
2020-07-31,21.82
2020-08-04,22.07
2020-08-05,22.24
2020-08-06,22.370001
2020-08-07,22.309999
2020-08-10,22.379999
2020-08-11,22.25
2020-08-12,22.360001
2020-08-13,22.309999
2020-08-14,22.290001
2020-08-17,22.49
2020-08-18,22.450001
2020-08-19,22.389999
2020-08-20,22.42
2020-08-21,22.299999
2020-08-24,22.450001
2020-08-25,22.450001
2020-08-26,22.66
2020-08-27,22.6
2020-08-28,22.58
2020-08-31,22.309999
2020-09-01,22.49
2020-09-02,22.58
2020-09-03,22.219999
2020-09-04,21.950001
2020-09-08,21.790001
2020-09-09,22.190001
2020-09-10,21.91
2020-09-11,21.940001
2020-09-14,22.139999
2020-09-15,22.23
2020-09-16,22.059999
2020-09-17,22
2020-09-18,21.93
2020-09-21,21.629999
2020-09-22,21.879999
2020-09-23,21.440001
2020-09-24,21.549999
2020-09-25,21.76
2020-09-28,21.809999
2020-09-29,21.799999
2020-09-30,21.66
2020-10-01,21.73
2020-10-02,21.77
2020-10-05,22.059999
2020-10-06,21.85
2020-10-07,22.1
2020-10-08,22.25
2020-10-09,22.280001
2020-10-13,22.23
2020-10-14,22.139999
2020-10-15,22.200001
2020-10-16,22.129999
2020-10-19,21.889999
2020-10-20,21.9
2020-10-21,21.870001
2020-10-22,21.91
2020-10-23,21.940001
2020-10-26,21.66
2020-10-27,21.6
2020-10-28,21
2020-10-29,21.129999
2020-10-30,21.01
2020-11-02,21.139999
2020-11-03,21.5
2020-11-04,21.57
2020-11-05,21.940001
2020-11-06,21.950001
2020-11-09,22.200001
2020-11-10,22.379999
2020-11-11,22.6
2020-11-12,22.360001
2020-11-13,22.5
2020-11-16,22.77
2020-11-17,22.85
2020-11-18,22.780001
2020-11-19,22.799999
2020-11-20,22.969999
2020-11-23,23.07
2020-11-24,23.32
2020-11-25,23.370001
2020-11-26,23.41
2020-11-27,23.48
2020-11-30,23.27
2020-12-01,23.35
2020-12-02,23.43
2020-12-03,23.5
2020-12-04,23.66
2020-12-07,23.75
2020-12-08,23.84
2020-12-09,23.74
2020-12-10,23.790001
2020-12-11,23.719999
2020-12-14,23.51
2020-12-15,23.66
2020-12-16,23.74
2020-12-17,23.870001
2020-12-18,23.690001
2020-12-21,23.67
2020-12-22,23.74
2020-12-23,23.790001
2020-12-24,23.85
2020-12-29,23.559999
2020-12-30,23.59
2020-12-31,23.43
2021-01-04,23.559999
2021-01-05,23.780001
2021-01-06,23.969999
2021-01-07,24.26
2021-01-08,24.26
2021-01-11,24.129999
2021-01-12,24.209999
2021-01-13,24.129999
2021-01-14,24.16
2021-01-15,24.09
2021-01-18,24.16
2021-01-19,24.17
2021-01-20,24.25
2021-01-21,24.120001
2021-01-22,24.01
2021-01-25,24.1
2021-01-26,23.940001
2021-01-27,23.49
2021-01-28,23.799999
2021-01-29,23.379999
2021-02-01,23.83
2021-02-02,24.1
2021-02-03,24.15
2021-02-04,24.32
2021-02-05,24.450001
2021-02-08,24.709999
2021-02-09,24.809999
2021-02-10,24.870001
2021-02-11,24.799999
2021-02-12,24.889999
2021-02-16,24.93
2021-02-17,24.799999
2021-02-18,24.65
2021-02-19,24.799999
2021-02-22,24.860001
2021-02-23,24.73
2021-02-24,24.959999
2021-02-25,24.59
2021-02-26,24.370001
2021-03-01,24.719999
2021-03-02,24.870001
2021-03-03,24.74
2021-03-04,24.5
2021-03-05,24.83
2021-03-08,24.93
2021-03-09,25.139999
2021-03-10,25.25
2021-03-11,25.469999
2021-03-12,25.469999
2021-03-15,25.629999
2021-03-16,25.52
2021-03-17,25.67
2021-03-18,25.469999
2021-03-19,25.48
2021-03-22,25.450001
2021-03-23,25.24
2021-03-24,25.200001
2021-03-25,25.23
2021-03-26,25.379999
2021-03-29,25.15
2021-03-30,25.129999
2021-03-31,25.15
2021-04-01,25.51
2021-04-05,25.6
2021-04-06,25.68
2021-04-07,25.73
2021-04-08,25.860001
2021-04-09,25.85
2021-04-12,25.83
2021-04-13,25.83
2021-04-14,25.790001
2021-04-15,25.99
2021-04-16,26.030001
2021-04-19,25.83
2021-04-20,25.620001
2021-04-21,25.77
2021-04-22,25.620001
2021-04-23,25.709999
2021-04-26,25.809999
2021-04-27,25.809999
2021-04-28,26.049999
2021-04-29,25.93
2021-04-30,25.719999
2021-05-03,25.870001
2021-05-04,25.84
2021-05-05,26.01
2021-05-06,25.99
2021-05-07,26.219999
2021-05-10,26.08
2021-05-11,25.959999
2021-05-12,25.73
2021-05-13,25.799999
2021-05-14,26.1
2021-05-17,26.24
2021-05-18,26.290001
2021-05-19,26.17
2021-05-20,26.360001
2021-05-21,26.34
2021-05-25,26.389999
2021-05-26,26.620001
2021-05-27,26.690001
2021-05-28,26.790001
2021-05-31,26.620001
2021-06-01,26.959999
2021-06-02,26.950001
2021-06-03,26.93
2021-06-04,27.030001
2021-06-07,27.040001
2021-06-08,27.09
2021-06-09,27.01
2021-06-10,27.049999
2021-06-11,27.18
2021-06-14,27.23
2021-06-15,27.309999
2021-06-16,27.33
2021-06-17,27.219999
2021-06-18,27.030001
2021-06-21,27.25
2021-06-22,27.309999
2021-06-23,27.24
2021-06-24,27.32
2021-06-25,27.34
2021-06-28,27.040001
2021-06-29,27.1
2021-06-30,27.08
2021-07-02,27.17
2021-07-05,27.26
2021-07-06,27.280001
2021-07-07,27.26
2021-07-08,26.959999
2021-07-09,27.23
2021-07-12,27.200001
2021-07-13,27.26
2021-07-14,27.1
2021-07-15,27.129999
2021-07-16,26.870001
2021-07-19,26.540001
2021-07-20,26.809999
2021-07-21,27.030001
2021-07-22,27.030001
2021-07-23,27.17
2021-07-26,27.110001
2021-07-27,27.129999
2021-07-28,27.209999
2021-07-29,27.33
2021-07-30,27.309999
2021-08-03,27.41
2021-08-04,27.35
2021-08-05,27.42
2021-08-06,27.559999
2021-08-09,27.5
2021-08-10,27.58
2021-08-11,27.65
2021-08-12,27.639999
2021-08-13,27.629999
2021-08-16,27.57
2021-08-17,27.42
2021-08-18,27.35
2021-08-19,27.23
2021-08-20,27.4
2021-08-23,27.58
2021-08-24,27.690001
2021-08-25,27.74
2021-08-26,27.629999
2021-08-27,27.809999
2021-08-30,27.76
2021-08-31,27.73
2021-09-01,27.889999
2021-09-02,28.049999
2021-09-03,28.08
2021-09-07,28.07
2021-09-08,27.98
2021-09-09,27.93
2021-09-10,27.83
2021-09-13,27.879999
2021-09-14,27.75
2021-09-15,27.93
2021-09-16,27.809999
2021-09-17,27.65
2021-09-20,27.219999
2021-09-21,27.33
2021-09-22,27.549999
2021-09-23,27.629999
2021-09-24,27.549999
2021-09-27,27.639999
2021-09-28,27.09
2021-09-29,27.059999
2021-09-30,26.92
2021-10-01,27.049999
2021-10-04,26.93
2021-10-05,27.1
2021-10-06,27.120001
2021-10-07,27.43
2021-10-08,27.440001
2021-10-12,27.469999
2021-10-13,27.700001
2021-10-14,27.969999
2021-10-15,28.110001
2021-10-18,28.18
2021-10-19,28.32
2021-10-20,28.459999
2021-10-21,28.5
2021-10-22,28.51
2021-10-25,28.610001
2021-10-26,28.459999
2021-10-27,28.17
2021-10-28,28.49
2021-10-29,28.299999
2021-11-01,28.57
2021-11-02,28.48
2021-11-03,28.6
2021-11-04,28.700001
2021-11-05,28.85
2021-11-08,28.99
2021-11-09,29.040001
2021-11-10,28.860001
2021-11-11,29.02
2021-11-12,29.299999
2021-11-15,29.18
2021-11-16,29.219999
2021-11-17,29.139999
2021-11-18,29.110001
2021-11-19,28.98
2021-11-22,28.84
2021-11-23,28.879999
2021-11-24,29.01
2021-11-25,29.1
2021-11-26,28.450001
2021-11-29,28.469999
2021-11-30,27.879999
2021-12-01,27.58
2021-12-02,27.99
2021-12-03,27.809999
2021-12-06,28.129999
2021-12-07,28.52
2021-12-08,28.41
2021-12-09,28.219999
2021-12-10,28.16
2021-12-13,27.959999
2021-12-14,27.879999
2021-12-15,28.02
2021-12-16,27.98
2021-12-17,27.969999
2021-12-20,27.709999
2021-12-21,28.24
2021-12-22,28.43
2021-12-23,28.639999
2021-12-24,28.67
2021-12-29,28.59
2021-12-30,28.559999
2021-12-31,28.469999
2022-01-04,28.49
2022-01-05,28.23
2022-01-06,28.27
2022-01-07,28.299999
2022-01-10,28.280001
2022-01-11,28.549999
2022-01-12,28.719999
2022-01-13,28.6
2022-01-14,28.67
2022-01-17,28.91
2022-01-18,28.549999
2022-01-19,28.459999
2022-01-20,28.27
2022-01-21,27.67
2022-01-24,27.610001
2022-01-25,27.639999
2022-01-26,27.67
2022-01-27,27.59
2022-01-28,27.870001
2022-01-31,28.34
2022-02-01,28.639999
2022-02-02,28.700001
2022-02-03,28.35
2022-02-04,28.58
2022-02-07,28.530001
2022-02-08,28.73
2022-02-09,29.01
2022-02-10,28.940001
2022-02-11,28.959999
2022-02-14,28.719999
2022-02-15,28.9
2022-02-16,28.780001
2022-02-17,28.48
2022-02-18,28.25
2022-02-22,28.120001
2022-02-23,27.889999
2022-02-24,27.92
2022-02-25,28.41
2022-02-28,28.43
2022-03-01,28.27
2022-03-02,28.610001
2022-03-03,28.620001
2022-03-04,28.809999
2022-03-07,28.68
2022-03-08,28.610001
2022-03-09,28.950001
2022-03-10,29.07
2022-03-11,28.9
2022-03-14,28.549999
2022-03-15,28.549999
2022-03-16,28.91
2022-03-17,29.33
2022-03-18,29.42
2022-03-21,29.65
2022-03-22,29.77
2022-03-23,29.549999
2022-03-24,29.59
2022-03-25,29.690001
2022-03-28,29.66
2022-03-29,29.57
2022-03-30,29.59
2022-03-31,29.389999
2022-04-01,29.42
2022-04-04,29.6
2022-04-05,29.42
2022-04-06,29.219999
2022-04-07,29.27
2022-04-08,29.35
2022-04-11,29.219999
2022-04-12,29.139999
2022-04-13,29.32
2022-04-14,29.32
2022-04-18,29.34
2022-04-19,29.530001
2022-04-20,29.52
2022-04-21,29.07
2022-04-22,28.450001
2022-04-25,28.219999
2022-04-26,27.780001
2022-04-27,27.85
2022-04-28,28.360001
2022-04-29,27.879999
2022-05-02,27.799999
2022-05-03,28.08
2022-05-04,28.469999
2022-05-05,27.809999
2022-05-06,27.709999
2022-05-09,26.870001
2022-05-10,26.73
2022-05-11,26.639999
2022-05-12,26.469999
2022-05-13,27.02
2022-05-16,27.17
2022-05-17,27.549999
2022-05-18,26.99
2022-05-19,27.16
2022-05-20,27.139999
2022-05-24,27.27
2022-05-25,27.43
2022-05-26,27.629999
2022-05-27,27.93
2022-05-30,28.16
2022-05-31,27.9
2022-06-01,27.889999
2022-06-02,28.32
2022-06-03,28
2022-06-06,28.030001
2022-06-07,28.16
2022-06-08,28.01
2022-06-09,27.700001
2022-06-10,27.32
2022-06-13,26.57
2022-06-14,26.360001
2022-06-15,26.440001
2022-06-16,25.620001
2022-06-17,25.530001
2022-06-20,25.85
2022-06-21,25.99
2022-06-22,25.620001
2022-06-23,25.25
2022-06-24,25.719999
2022-06-27,25.969999
2022-06-28,25.719999
2022-06-29,25.549999
2022-06-30,25.290001
2022-07-04,25.52
2022-07-05,25.23
2022-07-06,25.1
2022-07-07,25.559999
2022-07-08,25.52
2022-07-11,25.23
2022-07-12,25.059999
2022-07-13,24.98
2022-07-14,24.59
2022-07-15,24.629999
2022-07-18,24.940001
2022-07-19,25.4
2022-07-20,25.51
2022-07-21,25.57
2022-07-22,25.469999
2022-07-25,25.620001
2022-07-26,25.469999
2022-07-27,25.860001
2022-07-28,26.129999
2022-07-29,26.440001
2022-08-02,26.200001
2022-08-03,26.26
2022-08-04,26.299999
2022-08-05,26.34
2022-08-08,26.450001
2022-08-09,26.299999
2022-08-10,26.690001
2022-08-11,26.860001
2022-08-12,27.120001
2022-08-15,27.129999
2022-08-16,27.25
2022-08-17,27.129999
2022-08-18,27.25
2022-08-19,27.040001
2022-08-22,26.870001
2022-08-23,26.879999
2022-08-24,26.940001
2022-08-25,27.129999
2022-08-26,26.73
2022-08-29,26.690001
2022-08-30,26.27
2022-08-31,26.059999
2022-09-01,25.780001
2022-09-02,25.950001
